demand_type,time_period,origin_zone,dest_zone,demand
Unit,NA,30101100101,30101100103,1
Unit,NA,30101100101,30101100120,1
Unit,NA,30101100101,30101100133,1
Unit,NA,30101100101,30101100442,1
Unit,NA,30101100101,30102100727,1
Unit,NA,30101100101,30102100728,1
Unit,NA,30101100101,30102100738,1
Unit,NA,30101100101,30102101324,1
Unit,NA,30101100101,30103101824,1
Unit,NA,30101100101,30103102110,1
Unit,NA,30101100101,30303106516,1
Unit,NA,30101100102,30101100103,1
Unit,NA,30101100102,30101100133,1
Unit,NA,30101100102,30101100311,1
Unit,NA,30101100102,30101100407,1
Unit,NA,30101100102,30101100433,1
Unit,NA,30101100102,30101100606,1
Unit,NA,30101100102,30102100738,1
Unit,NA,30101100102,30102100939,1
Unit,NA,30101100102,30102101219,1
Unit,NA,30101100102,30103101401,1
Unit,NA,30101100102,30501110621,1
Unit,NA,30101100103,30101100122,1
Unit,NA,30101100103,30101100134,1
Unit,NA,30101100103,30101100141,1
Unit,NA,30101100103,30102100903,1
Unit,NA,30101100111,30101100116,1
Unit,NA,30101100111,30101100208,1
Unit,NA,30101100111,30101100403,1
Unit,NA,30101100111,30101100407,1
Unit,NA,30101100111,30101100447,1
Unit,NA,30101100111,30101100606,1
Unit,NA,30101100111,30102100728,1
Unit,NA,30101100111,30103102031,1
Unit,NA,30101100111,30103102139,1
Unit,NA,30101100111,30203103603,1
Unit,NA,30101100111,30303106411,1
Unit,NA,30101100111,30501110531,1
Unit,NA,30101100111,30502111735,1
Unit,NA,30101100112,30101100607,1
Unit,NA,30101100114,30101100112,1
Unit,NA,30101100114,30101100116,1
Unit,NA,30101100114,30101100407,1
Unit,NA,30101100114,30101100429,1
Unit,NA,30101100114,30102101213,1
Unit,NA,30101100114,30102101302,1
Unit,NA,30101100114,30103101821,1
Unit,NA,30101100114,30103102031,1
Unit,NA,30101100114,30103102137,1
Unit,NA,30101100114,30301105135,1
Unit,NA,30101100114,30303106428,1
Unit,NA,30101100115,30101100120,1
Unit,NA,30101100115,30101100411,1
Unit,NA,30101100115,30301104813,1
Unit,NA,30101100115,30302105205,1
Unit,NA,30101100115,30303106032,1
Unit,NA,30101100116,30101100124,1
Unit,NA,30101100116,30101100129,1
Unit,NA,30101100116,30101100411,1
Unit,NA,30101100116,30101100417,1
Unit,NA,30101100116,30101100429,1
Unit,NA,30101100116,30102100738,1
Unit,NA,30101100116,30102100904,1
Unit,NA,30101100116,30103101510,1
Unit,NA,30101100116,30103101701,1
Unit,NA,30101100116,30301105142,1
Unit,NA,30101100116,30501110926,1
Unit,NA,30101100120,30101100101,1
Unit,NA,30101100120,30101100103,1
Unit,NA,30101100120,30101100115,1
Unit,NA,30101100120,30101100116,1
Unit,NA,30101100120,30101100125,1
Unit,NA,30101100120,30101100403,1
Unit,NA,30101100120,30101100407,1
Unit,NA,30101100120,30101100412,1
Unit,NA,30101100120,30101100428,1
Unit,NA,30101100120,30101100616,1
Unit,NA,30101100120,30102100726,1
Unit,NA,30101100120,30102100727,1
Unit,NA,30101100120,30102101212,1
Unit,NA,30101100121,30101100120,1
Unit,NA,30101100121,30101100142,1
Unit,NA,30101100121,30101100334,1
Unit,NA,30101100121,30101100336,1
Unit,NA,30101100121,30101100412,1
Unit,NA,30101100121,30101100447,1
Unit,NA,30101100121,30101100601,1
Unit,NA,30101100121,30102101325,1
Unit,NA,30101100121,30302105716,1
Unit,NA,30101100121,30502111513,1
Unit,NA,30101100122,30101100120,1
Unit,NA,30101100122,30101100407,1
Unit,NA,30101100122,30101100442,1
Unit,NA,30101100122,30101100606,1
Unit,NA,30101100122,30102100707,1
Unit,NA,30101100122,30102100728,1
Unit,NA,30101100122,30102100740,1
Unit,NA,30101100122,30102100804,1
Unit,NA,30101100122,30102101213,1
Unit,NA,30101100122,30103102036,1
Unit,NA,30101100122,30203103708,1
Unit,NA,30101100122,30301105010,1
Unit,NA,30101100122,30303106032,1
Unit,NA,30101100122,30303106221,1
Unit,NA,30101100122,30303106222,1
Unit,NA,30101100122,30306108026,1
Unit,NA,30101100124,30101100116,1
Unit,NA,30101100124,30101100125,1
Unit,NA,30101100124,30102100728,1
Unit,NA,30101100124,30102100812,1
Unit,NA,30101100124,30102101221,1
Unit,NA,30101100124,30203103708,1
Unit,NA,30101100124,30305107630,1
Unit,NA,30101100125,30101100403,1
Unit,NA,30101100125,30101100437,1
Unit,NA,30101100125,30101100619,1
Unit,NA,30101100125,30102100904,1
Unit,NA,30101100125,30302105204,1
Unit,NA,30101100125,30501111105,1
Unit,NA,30101100129,30101100116,1
Unit,NA,30101100129,30102100812,1
Unit,NA,30101100129,30103102110,1
Unit,NA,30101100129,30301104813,1
Unit,NA,30101100129,30301104914,1
Unit,NA,30101100132,30101100606,1
Unit,NA,30101100132,30301104808,1
Unit,NA,30101100133,30101100507,1
Unit,NA,30101100134,30101100103,1
Unit,NA,30101100134,30101100120,1
Unit,NA,30101100134,30101100123,1
Unit,NA,30101100134,30101100437,1
Unit,NA,30101100134,30103101401,1
Unit,NA,30101100134,30304107015,1
Unit,NA,30101100136,30101100103,1
Unit,NA,30101100136,30101100437,1
Unit,NA,30101100136,30101100442,1
Unit,NA,30101100136,30302105917,1
Unit,NA,30101100136,30303106324,1
Unit,NA,30101100136,30305107630,1
Unit,NA,30101100136,30501111014,1
Unit,NA,30101100139,30101100140,1
Unit,NA,30101100140,30101100116,1
Unit,NA,30101100140,30101100407,1
Unit,NA,30101100140,30101100442,1
Unit,NA,30101100140,30102100728,1
Unit,NA,30101100140,30102100812,1
Unit,NA,30101100140,30102101305,1
Unit,NA,30101100140,30103101701,1
Unit,NA,30101100140,30103102031,1
Unit,NA,30101100140,30301104807,1
Unit,NA,30101100140,30504113615,1
Unit,NA,30101100141,30101100103,1
Unit,NA,30101100141,30101100112,1
Unit,NA,30101100141,30101100407,1
Unit,NA,30101100141,30101100442,1
Unit,NA,30101100141,30101100605,1
Unit,NA,30101100141,30102100727,1
Unit,NA,30101100141,30102100728,1
Unit,NA,30101100141,30102101242,1
Unit,NA,30101100141,30202102820,1
Unit,NA,30101100141,30301105135,1
Unit,NA,30101100142,30101100403,1
Unit,NA,30101100204,30501110623,1
Unit,NA,30101100208,30103102110,1
Unit,NA,30101100209,30103102126,1
Unit,NA,30101100301,30101100302,1
Unit,NA,30101100302,30101100120,1
Unit,NA,30101100302,30101100336,1
Unit,NA,30101100302,30101100407,1
Unit,NA,30101100302,30101100507,1
Unit,NA,30101100302,30101100606,1
Unit,NA,30101100302,30101100607,1
Unit,NA,30101100302,30101100614,1
Unit,NA,30101100302,30103102019,1
Unit,NA,30101100302,30103102031,1
Unit,NA,30101100302,30301104814,1
Unit,NA,30101100302,30302105812,1
Unit,NA,30101100302,30303106104,1
Unit,NA,30101100302,30501110531,1
Unit,NA,30101100305,30101100133,1
Unit,NA,30101100305,30101100334,1
Unit,NA,30101100305,30101100336,1
Unit,NA,30101100305,30101100403,1
Unit,NA,30101100305,30103101601,1
Unit,NA,30101100305,30103101605,1
Unit,NA,30101100305,30103101818,1
Unit,NA,30101100306,30101100116,1
Unit,NA,30101100306,30101100336,1
Unit,NA,30101100306,30101100409,1
Unit,NA,30101100306,30101100606,1
Unit,NA,30101100306,30202103220,1
Unit,NA,30101100306,30203103708,1
Unit,NA,30101100306,30301104816,1
Unit,NA,30101100306,30305107625,1
Unit,NA,30101100311,30101100324,1
Unit,NA,30101100311,30101100447,1
Unit,NA,30101100311,30501111001,1
Unit,NA,30101100316,30101100120,1
Unit,NA,30101100316,30101100311,1
Unit,NA,30101100316,30101100606,1
Unit,NA,30101100316,30103101505,1
Unit,NA,30101100316,30203103603,1
Unit,NA,30101100316,30203103708,1
Unit,NA,30101100316,30302105820,1
Unit,NA,30101100316,30502111728,1
Unit,NA,30101100321,30101100116,1
Unit,NA,30101100321,30101100336,1
Unit,NA,30101100321,30101100606,1
Unit,NA,30101100321,30101100614,1
Unit,NA,30101100321,30102100806,1
Unit,NA,30101100321,30102101221,1
Unit,NA,30101100321,30103101606,1
Unit,NA,30101100321,30302105605,1
Unit,NA,30101100323,30101100334,1
Unit,NA,30101100323,30101100336,1
Unit,NA,30101100323,30101100407,1
Unit,NA,30101100323,30101100606,1
Unit,NA,30101100323,30101100614,1
Unit,NA,30101100323,30102100804,1
Unit,NA,30101100323,30103102108,1
Unit,NA,30101100324,30101100407,1
Unit,NA,30101100324,30101100606,1
Unit,NA,30101100324,30101100614,1
Unit,NA,30101100324,30102100734,1
Unit,NA,30101100324,30102100738,1
Unit,NA,30101100324,30102101212,1
Unit,NA,30101100324,30102101213,1
Unit,NA,30101100324,30102101325,1
Unit,NA,30101100324,30103101824,1
Unit,NA,30101100324,30103102139,1
Unit,NA,30101100324,30304107015,1
Unit,NA,30101100324,30502111412,1
Unit,NA,30101100324,30502111718,1
Unit,NA,30101100324,30502111735,1
Unit,NA,30101100329,30101100116,1
Unit,NA,30101100329,30101100125,1
Unit,NA,30101100329,30101100407,1
Unit,NA,30101100329,30101100605,1
Unit,NA,30101100329,30101100606,1
Unit,NA,30101100329,30102101305,1
Unit,NA,30101100329,30503112825,1
Unit,NA,30101100334,30101100323,1
Unit,NA,30101100336,30101100116,1
Unit,NA,30101100336,30101100305,1
Unit,NA,30101100336,30101100321,1
Unit,NA,30101100336,30101100323,1
Unit,NA,30101100336,30101100407,1
Unit,NA,30101100336,30101100502,1
Unit,NA,30101100336,30101100606,1
Unit,NA,30101100336,30102100722,1
Unit,NA,30101100336,30301105142,1
Unit,NA,30101100336,30502111718,1
Unit,NA,30101100403,30101100120,1
Unit,NA,30101100403,30101100125,1
Unit,NA,30101100403,30101100407,1
Unit,NA,30101100403,30101100412,1
Unit,NA,30101100403,30101100437,1
Unit,NA,30101100403,30503112825,1
Unit,NA,30101100407,30101100114,1
Unit,NA,30101100407,30101100116,1
Unit,NA,30101100407,30101100120,1
Unit,NA,30101100407,30101100125,1
Unit,NA,30101100407,30101100403,1
Unit,NA,30101100407,30101100420,1
Unit,NA,30101100407,30101100428,1
Unit,NA,30101100407,30101100429,1
Unit,NA,30101100407,30103101701,1
Unit,NA,30101100407,30103101824,1
Unit,NA,30101100407,30103102031,1
Unit,NA,30101100407,30501110623,1
Unit,NA,30101100411,30101100125,1
Unit,NA,30101100412,30101100403,1
Unit,NA,30101100412,30102101221,1
Unit,NA,30101100414,30101100420,1
Unit,NA,30101100417,30101100112,1
Unit,NA,30101100417,30101100116,1
Unit,NA,30101100417,30101100407,1
Unit,NA,30101100417,30101100606,1
Unit,NA,30101100417,30102100722,1
Unit,NA,30101100417,30102100939,1
Unit,NA,30101100417,30504113731,1
Unit,NA,30101100418,30101100434,1
Unit,NA,30101100418,30101100442,1
Unit,NA,30101100418,30103101517,1
Unit,NA,30101100418,30103101801,1
Unit,NA,30101100418,30203103701,1
Unit,NA,30101100418,30301104921,1
Unit,NA,30101100420,30101100407,1
Unit,NA,30101100420,30101100414,1
Unit,NA,30101100420,30101100442,1
Unit,NA,30101100420,30102101112,1
Unit,NA,30101100420,30103102031,1
Unit,NA,30101100420,30301105142,1
Unit,NA,30101100420,30303106023,1
Unit,NA,30101100420,30304107015,1
Unit,NA,30101100422,30101100403,1
Unit,NA,30101100422,30101100441,1
Unit,NA,30101100422,30101100606,1
Unit,NA,30101100422,30102100713,1
Unit,NA,30101100422,30203103603,1
Unit,NA,30101100422,30302105604,1
Unit,NA,30101100422,30501110531,1
Unit,NA,30101100422,30502111809,1
Unit,NA,30101100423,30101100116,1
Unit,NA,30101100423,30101100407,1
Unit,NA,30101100423,30101100442,1
Unit,NA,30101100423,30102100728,1
Unit,NA,30101100423,30103101619,1
Unit,NA,30101100423,30103101824,1
Unit,NA,30101100423,30203103603,1
Unit,NA,30101100423,30203103815,1
Unit,NA,30101100423,30302105808,1
Unit,NA,30101100423,30403109405,1
Unit,NA,30101100428,30101100120,1
Unit,NA,30101100428,30101100407,1
Unit,NA,30101100428,30101100439,1
Unit,NA,30101100428,30101100442,1
Unit,NA,30101100428,30102100729,1
Unit,NA,30101100428,30103101918,1
Unit,NA,30101100428,30303106221,1
Unit,NA,30101100428,30303106411,1
Unit,NA,30101100429,30101100116,1
Unit,NA,30101100429,30101100311,1
Unit,NA,30101100429,30101100407,1
Unit,NA,30101100429,30101100442,1
Unit,NA,30101100429,30101100615,1
Unit,NA,30101100429,30102100727,1
Unit,NA,30101100429,30103102104,1
Unit,NA,30101100429,30301104813,1
Unit,NA,30101100430,30101100116,1
Unit,NA,30101100430,30101100206,1
Unit,NA,30101100430,30102100738,1
Unit,NA,30101100430,30102100804,1
Unit,NA,30101100430,30103101504,1
Unit,NA,30101100430,30103101511,1
Unit,NA,30101100430,30103101701,1
Unit,NA,30101100430,30103102108,1
Unit,NA,30101100430,30203103603,1
Unit,NA,30101100430,30303106023,1
Unit,NA,30101100430,30303106511,1
Unit,NA,30101100431,30501110612,1
Unit,NA,30101100433,30101100411,1
Unit,NA,30101100433,30101100448,1
Unit,NA,30101100434,30101100418,1
Unit,NA,30101100439,30101100428,1
Unit,NA,30101100441,30101100422,1
Unit,NA,30101100442,30101100112,1
Unit,NA,30101100442,30101100140,1
Unit,NA,30101100442,30101100141,1
Unit,NA,30101100442,30101100407,1
Unit,NA,30101100442,30101100418,1
Unit,NA,30101100442,30101100420,1
Unit,NA,30101100442,30101100423,1
Unit,NA,30101100442,30101100428,1
Unit,NA,30101100442,30101100433,1
Unit,NA,30101100442,30102100735,1
Unit,NA,30101100443,30102100901,1
Unit,NA,30101100444,30101100403,1
Unit,NA,30101100444,30101100442,1
Unit,NA,30101100444,30102100738,1
Unit,NA,30101100444,30306107902,1
Unit,NA,30101100446,30101100433,1
Unit,NA,30101100447,30101100114,1
Unit,NA,30101100447,30101100120,1
Unit,NA,30101100447,30101100121,1
Unit,NA,30101100447,30103101701,1
Unit,NA,30101100447,30203103701,1
Unit,NA,30101100448,30101100433,1
Unit,NA,30101100448,30101100442,1
Unit,NA,30101100448,30102100738,1
Unit,NA,30101100448,30102101112,1
Unit,NA,30101100448,30302105205,1
Unit,NA,30101100448,30502111309,1
Unit,NA,30101100502,30101100336,1
Unit,NA,30101100502,30101100510,1
Unit,NA,30101100502,30101100606,1
Unit,NA,30101100502,30102100714,1
Unit,NA,30101100502,30103102107,1
Unit,NA,30101100502,30103102109,1
Unit,NA,30101100504,30101100617,1
Unit,NA,30101100507,30101100302,1
Unit,NA,30101100507,30101100407,1
Unit,NA,30101100510,30101100447,1
Unit,NA,30101100602,30101100120,1
Unit,NA,30101100602,30101100336,1
Unit,NA,30101100602,30101100407,1
Unit,NA,30101100602,30101100605,1
Unit,NA,30101100602,30101100606,1
Unit,NA,30101100602,30102100713,1
Unit,NA,30101100602,30102100741,1
Unit,NA,30101100602,30102100812,1
Unit,NA,30101100602,30102101245,1
Unit,NA,30101100602,30103101605,1
Unit,NA,30101100605,30101100329,1
Unit,NA,30101100606,30101100116,1
Unit,NA,30101100606,30101100132,1
Unit,NA,30101100606,30101100306,1
Unit,NA,30101100606,30101100323,1
Unit,NA,30101100606,30101100329,1
Unit,NA,30101100606,30101100336,1
Unit,NA,30101100606,30101100407,1
Unit,NA,30101100606,30101100417,1
Unit,NA,30101100606,30101100422,1
Unit,NA,30101100606,30101100612,1
Unit,NA,30101100606,30101100618,1
Unit,NA,30101100606,30102100713,1
Unit,NA,30101100606,30102100729,1
Unit,NA,30101100606,30102100740,1
Unit,NA,30101100606,30103101818,1
Unit,NA,30101100606,30103102031,1
Unit,NA,30101100606,30305107625,1
Unit,NA,30101100606,30306107901,1
Unit,NA,30101100606,30501110531,1
Unit,NA,30101100607,30101100606,1
Unit,NA,30101100607,30102101213,1
Unit,NA,30101100607,30103101601,1
Unit,NA,30101100607,30103101701,1
Unit,NA,30101100607,30302105322,1
Unit,NA,30101100607,30303106023,1
Unit,NA,30101100607,30504113505,1
Unit,NA,30101100609,30203103603,1
Unit,NA,30101100612,30101100112,1
Unit,NA,30101100612,30101100411,1
Unit,NA,30101100612,30101100606,1
Unit,NA,30101100612,30102100728,1
Unit,NA,30101100612,30303106324,1
Unit,NA,30101100614,30101100302,1
Unit,NA,30101100614,30101100311,1
Unit,NA,30101100614,30101100336,1
Unit,NA,30101100614,30101100407,1
Unit,NA,30101100614,30101100606,1
Unit,NA,30101100614,30102100728,1
Unit,NA,30101100614,30103101801,1
Unit,NA,30101100614,30103102013,1
Unit,NA,30101100614,30103102031,1
Unit,NA,30101100614,30303106110,1
Unit,NA,30101100614,30503112613,1
Unit,NA,30101100615,30101100618,1
Unit,NA,30101100615,30102100804,1
Unit,NA,30101100616,30101100120,1
Unit,NA,30101100616,30101100304,1
Unit,NA,30101100616,30101100311,1
Unit,NA,30101100616,30101100336,1
Unit,NA,30101100616,30101100407,1
Unit,NA,30101100616,30101100606,1
Unit,NA,30101100616,30101100614,1
Unit,NA,30101100616,30102101112,1
Unit,NA,30101100616,30102101221,1
Unit,NA,30101100616,30303106511,1
Unit,NA,30101100616,30304107008,1
Unit,NA,30101100617,30101100116,1
Unit,NA,30101100617,30101100120,1
Unit,NA,30101100617,30101100311,1
Unit,NA,30101100617,30101100437,1
Unit,NA,30101100617,30101100439,1
Unit,NA,30101100617,30101100446,1
Unit,NA,30101100617,30101100504,1
Unit,NA,30101100617,30101100606,1
Unit,NA,30101100617,30102100728,1
Unit,NA,30101100617,30102100804,1
Unit,NA,30101100617,30203103505,1
Unit,NA,30101100618,30101100116,1
Unit,NA,30101100618,30101100606,1
Unit,NA,30101100618,30101100615,1
Unit,NA,30101100618,30102100719,1
Unit,NA,30101100618,30102100738,1
Unit,NA,30101100618,30102100742,1
Unit,NA,30101100618,30102100805,1
Unit,NA,30101100618,30103102036,1
Unit,NA,30101100618,30303106321,1
Unit,NA,30101100625,30101100606,1
Unit,NA,30102100703,30101100605,1
Unit,NA,30102100703,30102100727,1
Unit,NA,30102100703,30102100738,1
Unit,NA,30102100703,30102101211,1
Unit,NA,30102100703,30102101212,1
Unit,NA,30102100703,30102101303,1
Unit,NA,30102100710,30101100336,1
Unit,NA,30102100710,30101100407,1
Unit,NA,30102100710,30102100727,1
Unit,NA,30102100710,30102100728,1
Unit,NA,30102100710,30102100734,1
Unit,NA,30102100710,30102100738,1
Unit,NA,30102100710,30102100739,1
Unit,NA,30102100710,30102100804,1
Unit,NA,30102100710,30102101112,1
Unit,NA,30102100710,30102101221,1
Unit,NA,30102100710,30102101250,1
Unit,NA,30102100710,30102101308,1
Unit,NA,30102100710,30103101801,1
Unit,NA,30102100710,30103101823,1
Unit,NA,30102100710,30103101912,1
Unit,NA,30102100710,30303106523,1
Unit,NA,30102100710,30503112403,1
Unit,NA,30102100713,30101100301,1
Unit,NA,30102100713,30102101242,1
Unit,NA,30102100714,30101100606,1
Unit,NA,30102100714,30102100740,1
Unit,NA,30102100714,30102101230,1
Unit,NA,30102100718,30101100123,1
Unit,NA,30102100718,30101100507,1
Unit,NA,30102100718,30102100727,1
Unit,NA,30102100718,30102100728,1
Unit,NA,30102100718,30102100738,1
Unit,NA,30102100718,30301105135,1
Unit,NA,30102100718,30302105307,1
Unit,NA,30102100718,30303106221,1
Unit,NA,30102100718,30303106321,1
Unit,NA,30102100718,30503112513,1
Unit,NA,30102100718,30503113123,1
Unit,NA,30102100720,30102100728,1
Unit,NA,30102100722,30102100804,1
Unit,NA,30102100722,30102100812,1
Unit,NA,30102100722,30102101324,1
Unit,NA,30102100727,30102100813,1
Unit,NA,30102100728,30101100607,1
Unit,NA,30102100728,30102100720,1
Unit,NA,30102100728,30102100809,1
Unit,NA,30102100728,30102101301,1
Unit,NA,30102100734,30101100403,1
Unit,NA,30102100734,30102100710,1
Unit,NA,30102100734,30102100722,1
Unit,NA,30102100738,30101100101,1
Unit,NA,30102100738,30101100403,1
Unit,NA,30102100738,30101100448,1
Unit,NA,30102100738,30101100606,1
Unit,NA,30102100738,30101100618,1
Unit,NA,30102100738,30102100710,1
Unit,NA,30102100738,30102100713,1
Unit,NA,30102100738,30102100718,1
Unit,NA,30102100738,30102100727,1
Unit,NA,30102100738,30102100728,1
Unit,NA,30102100738,30102100907,1
Unit,NA,30102100738,30102100916,1
Unit,NA,30102100738,30102101206,1
Unit,NA,30102100738,30102101213,1
Unit,NA,30102100738,30102101230,1
Unit,NA,30102100738,30102101333,1
Unit,NA,30102100738,30305107353,1
Unit,NA,30102100739,30102100945,1
Unit,NA,30102100740,30101100122,1
Unit,NA,30102100740,30101100602,1
Unit,NA,30102100740,30102101330,1
Unit,NA,30102100741,30102100916,1
Unit,NA,30102100741,30302105802,1
Unit,NA,30102100742,30101100618,1
Unit,NA,30102100803,30101100606,1
Unit,NA,30102100803,30102100812,1
Unit,NA,30102100803,30102100813,1
Unit,NA,30102100803,30102101250,1
Unit,NA,30102100803,30403109615,1
Unit,NA,30102100804,30101100323,1
Unit,NA,30102100804,30101100407,1
Unit,NA,30102100804,30101100430,1
Unit,NA,30102100804,30102100722,1
Unit,NA,30102100804,30102100740,1
Unit,NA,30102100804,30102100809,1
Unit,NA,30102100804,30102100812,1
Unit,NA,30102100804,30102100815,1
Unit,NA,30102100804,30102100944,1
Unit,NA,30102100804,30203103708,1
Unit,NA,30102100804,30304107008,1
Unit,NA,30102100805,30304107109,1
Unit,NA,30102100806,30303106023,1
Unit,NA,30102100809,30101100437,1
Unit,NA,30102100809,30102100804,1
Unit,NA,30102100809,30102100812,1
Unit,NA,30102100809,30102100813,1
Unit,NA,30102100809,30102101242,1
Unit,NA,30102100809,30102101325,1
Unit,NA,30102100809,30501111206,1
Unit,NA,30102100812,30101100124,1
Unit,NA,30102100812,30101100602,1
Unit,NA,30102100812,30101100606,1
Unit,NA,30102100812,30102100739,1
Unit,NA,30102100812,30102100803,1
Unit,NA,30102100812,30102100809,1
Unit,NA,30102100812,30102100815,1
Unit,NA,30102100812,30102101213,1
Unit,NA,30102100812,30303106032,1
Unit,NA,30102100812,30303106511,1
Unit,NA,30102100813,30102100738,1
Unit,NA,30102100814,30101100324,1
Unit,NA,30102100814,30102100803,1
Unit,NA,30102100815,30102100714,1
Unit,NA,30102100815,30102100728,1
Unit,NA,30102100815,30102100804,1
Unit,NA,30102100815,30102100812,1
Unit,NA,30102100815,30102101213,1
Unit,NA,30102100901,30101100443,1
Unit,NA,30102100901,30102100804,1
Unit,NA,30102100901,30102100927,1
Unit,NA,30102100901,30102100939,1
Unit,NA,30102100901,30203103708,1
Unit,NA,30102100904,30102101302,1
Unit,NA,30102100907,30101100112,1
Unit,NA,30102100907,30102100738,1
Unit,NA,30102100907,30102100939,1
Unit,NA,30102100907,30102101325,1
Unit,NA,30102100907,30102101333,1
Unit,NA,30102100907,30103101620,1
Unit,NA,30102100907,30103101815,1
Unit,NA,30102100908,30102100939,1
Unit,NA,30102100909,30102100944,1
Unit,NA,30102100916,30102100728,1
Unit,NA,30102100916,30102100738,1
Unit,NA,30102100916,30102100908,1
Unit,NA,30102100916,30102100946,1
Unit,NA,30102100916,30102101213,1
Unit,NA,30102100916,30102101302,1
Unit,NA,30102100916,30504113731,1
Unit,NA,30102100917,30102100804,1
Unit,NA,30102100917,30102100903,1
Unit,NA,30102100917,30102100939,1
Unit,NA,30102100917,30102101213,1
Unit,NA,30102100917,30301105001,1
Unit,NA,30102100917,30302105401,1
Unit,NA,30102100917,30303106221,1
Unit,NA,30102100917,30305107625,1
Unit,NA,30102100917,30503112505,1
Unit,NA,30102100921,30102100924,1
Unit,NA,30102100924,30102100738,1
Unit,NA,30102100924,30102100921,1
Unit,NA,30102100924,30102101332,1
Unit,NA,30102100924,30302105927,1
Unit,NA,30102100925,30101100209,1
Unit,NA,30102100925,30101100407,1
Unit,NA,30102100925,30102100720,1
Unit,NA,30102100925,30102100728,1
Unit,NA,30102100925,30102100804,1
Unit,NA,30102100925,30102100907,1
Unit,NA,30102100925,30102101221,1
Unit,NA,30102100925,30102101303,1
Unit,NA,30102100925,30102101305,1
Unit,NA,30102100925,30102101322,1
Unit,NA,30102100925,30102101332,1
Unit,NA,30102100926,30101100403,1
Unit,NA,30102100926,30102100804,1
Unit,NA,30102100926,30102100939,1
Unit,NA,30102100926,30102101213,1
Unit,NA,30102100926,30102101242,1
Unit,NA,30102100926,30102101332,1
Unit,NA,30102100926,30303106502,1
Unit,NA,30102100927,30102100901,1
Unit,NA,30102100927,30102101206,1
Unit,NA,30102100929,30101100120,1
Unit,NA,30102100929,30102100738,1
Unit,NA,30102100929,30102101325,1
Unit,NA,30102100929,30103102031,1
Unit,NA,30102100929,30301104814,1
Unit,NA,30102100929,30303106324,1
Unit,NA,30102100936,30102100713,1
Unit,NA,30102100936,30102100942,1
Unit,NA,30102100936,30102101324,1
Unit,NA,30102100936,30202102830,1
Unit,NA,30102100936,30203103808,1
Unit,NA,30102100939,30101100102,1
Unit,NA,30102100939,30101100112,1
Unit,NA,30102100939,30102100727,1
Unit,NA,30102100939,30102100904,1
Unit,NA,30102100939,30102100907,1
Unit,NA,30102100939,30102101112,1
Unit,NA,30102100939,30102101213,1
Unit,NA,30102100939,30102101331,1
Unit,NA,30102100939,30102101332,1
Unit,NA,30102100942,30102100936,1
Unit,NA,30102100944,30102100804,1
Unit,NA,30102100944,30102100909,1
Unit,NA,30102100944,30102101333,1
Unit,NA,30102100945,30102101325,1
Unit,NA,30102100946,30102100939,1
Unit,NA,30102101107,30101100407,1
Unit,NA,30102101107,30101100606,1
Unit,NA,30102101107,30102101109,1
Unit,NA,30102101107,30102101221,1
Unit,NA,30102101107,30103102031,1
Unit,NA,30102101107,30301105142,1
Unit,NA,30102101107,30302105605,1
Unit,NA,30102101109,30102101107,1
Unit,NA,30102101112,30101100125,1
Unit,NA,30102101112,30102100939,1
Unit,NA,30102101112,30102100946,1
Unit,NA,30102101112,30102101247,1
Unit,NA,30102101112,30103101824,1
Unit,NA,30102101206,30101100323,1
Unit,NA,30102101206,30102100707,1
Unit,NA,30102101206,30102100728,1
Unit,NA,30102101206,30102100738,1
Unit,NA,30102101206,30102100813,1
Unit,NA,30102101206,30102101115,1
Unit,NA,30102101206,30102101213,1
Unit,NA,30102101206,30102101221,1
Unit,NA,30102101206,30102101305,1
Unit,NA,30102101206,30301104813,1
Unit,NA,30102101209,30102101211,1
Unit,NA,30102101210,30102100813,1
Unit,NA,30102101210,30102101219,1
Unit,NA,30102101211,30101100407,1
Unit,NA,30102101211,30101100433,1
Unit,NA,30102101211,30101100606,1
Unit,NA,30102101211,30102100718,1
Unit,NA,30102101211,30102100728,1
Unit,NA,30102101211,30102100734,1
Unit,NA,30102101211,30102100738,1
Unit,NA,30102101211,30102101209,1
Unit,NA,30102101211,30102101212,1
Unit,NA,30102101211,30102101213,1
Unit,NA,30102101211,30102101325,1
Unit,NA,30102101211,30103101601,1
Unit,NA,30102101211,30103101708,1
Unit,NA,30102101211,30103102031,1
Unit,NA,30102101211,30302105315,1
Unit,NA,30102101211,30305107632,1
Unit,NA,30102101213,30102100815,1
Unit,NA,30102101213,30102100927,1
Unit,NA,30102101213,30102100939,1
Unit,NA,30102101213,30102101211,1
Unit,NA,30102101213,30102101230,1
Unit,NA,30102101213,30102101301,1
Unit,NA,30102101219,30101100502,1
Unit,NA,30102101219,30102101210,1
Unit,NA,30102101219,30102101322,1
Unit,NA,30102101219,30102101333,1
Unit,NA,30102101221,30101100125,1
Unit,NA,30102101221,30102100738,1
Unit,NA,30102101221,30102101107,1
Unit,NA,30102101221,30102101230,1
Unit,NA,30102101221,30102101338,1
Unit,NA,30102101221,30103101823,1
Unit,NA,30102101230,30101100120,1
Unit,NA,30102101230,30101100606,1
Unit,NA,30102101230,30102100738,1
Unit,NA,30102101230,30102101213,1
Unit,NA,30102101230,30102101221,1
Unit,NA,30102101230,30102101331,1
Unit,NA,30102101230,30302105513,1
Unit,NA,30102101230,30303106103,1
Unit,NA,30102101230,30305107630,1
Unit,NA,30102101232,30102100738,1
Unit,NA,30102101232,30103101818,1
Unit,NA,30102101232,30203103708,1
Unit,NA,30102101232,30403109610,1
Unit,NA,30102101232,30501110536,1
Unit,NA,30102101242,30101100120,1
Unit,NA,30102101242,30101100336,1
Unit,NA,30102101242,30101100407,1
Unit,NA,30102101242,30102101219,1
Unit,NA,30102101245,30102101246,1
Unit,NA,30102101246,30101100120,1
Unit,NA,30102101246,30102101245,1
Unit,NA,30102101246,30501111001,1
Unit,NA,30102101247,30101100120,1
Unit,NA,30102101247,30102101112,1
Unit,NA,30102101247,30102101213,1
Unit,NA,30102101247,30102101332,1
Unit,NA,30102101247,30203103701,1
Unit,NA,30102101248,30102100738,1
Unit,NA,30102101248,30102100946,1
Unit,NA,30102101248,30102101324,1
Unit,NA,30102101248,30103101701,1
Unit,NA,30102101250,30101100116,1
Unit,NA,30102101250,30101100434,1
Unit,NA,30102101250,30102100727,1
Unit,NA,30102101250,30102101219,1
Unit,NA,30102101301,30101100133,1
Unit,NA,30102101301,30101100336,1
Unit,NA,30102101301,30101100447,1
Unit,NA,30102101301,30102100728,1
Unit,NA,30102101301,30102101213,1
Unit,NA,30102101301,30102101324,1
Unit,NA,30102101301,30102101331,1
Unit,NA,30102101301,30102101332,1
Unit,NA,30102101301,30203103603,1
Unit,NA,30102101301,30305107418,1
Unit,NA,30102101302,30102100738,1
Unit,NA,30102101303,30102100703,1
Unit,NA,30102101303,30102101324,1
Unit,NA,30102101305,30102100729,1
Unit,NA,30102101308,30102100710,1
Unit,NA,30102101310,30101100403,1
Unit,NA,30102101310,30102101320,1
Unit,NA,30102101313,30101100112,1
Unit,NA,30102101313,30102100728,1
Unit,NA,30102101313,30102101212,1
Unit,NA,30102101313,30102101314,1
Unit,NA,30102101313,30102101324,1
Unit,NA,30102101313,30501110530,1
Unit,NA,30102101313,30501110541,1
Unit,NA,30102101314,30101100120,1
Unit,NA,30102101314,30101100130,1
Unit,NA,30102101314,30102101313,1
Unit,NA,30102101314,30102101324,1
Unit,NA,30102101314,30102101331,1
Unit,NA,30102101319,30102101320,1
Unit,NA,30102101319,30102101324,1
Unit,NA,30102101320,30101100442,1
Unit,NA,30102101320,30102101310,1
Unit,NA,30102101320,30102101324,1
Unit,NA,30102101320,30102101331,1
Unit,NA,30102101322,30101100120,1
Unit,NA,30102101322,30102101219,1
Unit,NA,30102101322,30102101324,1
Unit,NA,30102101322,30102101331,1
Unit,NA,30102101324,30101100407,1
Unit,NA,30102101324,30102100722,1
Unit,NA,30102101324,30102100728,1
Unit,NA,30102101324,30102101112,1
Unit,NA,30102101324,30102101248,1
Unit,NA,30102101324,30102101314,1
Unit,NA,30102101324,30102101319,1
Unit,NA,30102101324,30102101322,1
Unit,NA,30102101324,30102101332,1
Unit,NA,30102101324,30102101333,1
Unit,NA,30102101324,30103101918,1
Unit,NA,30102101324,30302105408,1
Unit,NA,30102101324,30305107632,1
Unit,NA,30102101330,30101100407,1
Unit,NA,30102101330,30102101313,1
Unit,NA,30102101330,30303106516,1
Unit,NA,30102101330,30501111001,1
Unit,NA,30102101331,30102100916,1
Unit,NA,30102101331,30102101230,1
Unit,NA,30102101331,30102101301,1
Unit,NA,30102101331,30102101314,1
Unit,NA,30102101331,30102101322,1
Unit,NA,30102101332,30102100925,1
Unit,NA,30102101332,30102100926,1
Unit,NA,30102101332,30102101247,1
Unit,NA,30102101332,30102101305,1
Unit,NA,30102101332,30102101333,1
Unit,NA,30102101332,30303106511,1
Unit,NA,30102101333,30102100738,1
Unit,NA,30102101333,30102101250,1
Unit,NA,30102101333,30102101325,1
Unit,NA,30102101333,30102101332,1
Unit,NA,30102101338,30102100727,1
Unit,NA,30102155115,30102155112,1
Unit,NA,30102155118,30102155115,1
Unit,NA,30103101401,30101100204,1
Unit,NA,30103101501,30103101620,1
Unit,NA,30103101504,30103101505,1
Unit,NA,30103101504,30103101601,1
Unit,NA,30103101505,30103101620,1
Unit,NA,30103101518,30103101510,1
Unit,NA,30103101518,30103101519,1
Unit,NA,30103101518,30103101620,1
Unit,NA,30103101518,30103101913,1
Unit,NA,30103101518,30103102013,1
Unit,NA,30103101518,30103102031,1
Unit,NA,30103101518,30304107008,1
Unit,NA,30103101518,30502111734,1
Unit,NA,30103101518,30503112403,1
Unit,NA,30103101519,30103101518,1
Unit,NA,30103101601,30101100607,1
Unit,NA,30103101601,30103101701,1
Unit,NA,30103101605,30101100336,1
Unit,NA,30103101605,30101100602,1
Unit,NA,30103101606,30103102008,1
Unit,NA,30103101606,30103102104,1
Unit,NA,30103101620,30101100606,1
Unit,NA,30103101620,30103101501,1
Unit,NA,30103101620,30103101505,1
Unit,NA,30103101620,30103101702,1
Unit,NA,30103101620,30103101913,1
Unit,NA,30103101620,30103102008,1
Unit,NA,30103101620,30202103110,1
Unit,NA,30103101620,30302105524,1
Unit,NA,30103101701,30301104804,1
Unit,NA,30103101801,30103101701,1
Unit,NA,30103101801,30103102126,1
Unit,NA,30103101824,30501110531,1
Unit,NA,30103101913,30101100606,1
Unit,NA,30103101913,30103101518,1
Unit,NA,30103101913,30301105142,1
Unit,NA,30103101918,30202103011,1
Unit,NA,30103102008,30101100120,1
Unit,NA,30103102014,30103101701,1
Unit,NA,30103102014,30103102139,1
Unit,NA,30103102019,30101100625,1
Unit,NA,30103102031,30101100502,1
Unit,NA,30103102031,30103101801,1
Unit,NA,30103102031,30103102008,1
Unit,NA,30103102036,30103102130,1
Unit,NA,30103102037,30103101518,1
Unit,NA,30103102037,30103102130,1
Unit,NA,30103102101,30103102038,1
Unit,NA,30103102101,30103102107,1
Unit,NA,30103102101,30103102108,1
Unit,NA,30103102101,30301105011,1
Unit,NA,30103102104,30103101824,1
Unit,NA,30103102104,30103102120,1
Unit,NA,30103102104,30103102126,1
Unit,NA,30103102104,30302105517,1
Unit,NA,30103102107,30103102137,1
Unit,NA,30103102108,30103102120,1
Unit,NA,30103102108,30301104913,1
Unit,NA,30103102108,30503112614,1
Unit,NA,30103102109,30101100502,1
Unit,NA,30103102110,30101100407,1
Unit,NA,30103102120,30103101606,1
Unit,NA,30103102120,30103102104,1
Unit,NA,30103102120,30103102108,1
Unit,NA,30103102120,30103102109,1
Unit,NA,30103102120,30103102110,1
Unit,NA,30103102120,30103102139,1
Unit,NA,30103102120,30203103603,1
Unit,NA,30103102120,30203103708,1
Unit,NA,30103102120,30501110923,1
Unit,NA,30103102126,30101100209,1
Unit,NA,30103102126,30103101601,1
Unit,NA,30103102126,30103101801,1
Unit,NA,30103102126,30103102112,1
Unit,NA,30103102126,30103102139,1
Unit,NA,30103102126,30301104808,1
Unit,NA,30103102126,30302105803,1
Unit,NA,30103102130,30103101621,1
Unit,NA,30103102130,30103101624,1
Unit,NA,30103102130,30103102014,1
Unit,NA,30103102130,30103102031,1
Unit,NA,30103102130,30103102036,1
Unit,NA,30103102130,30103102037,1
Unit,NA,30103102130,30203103603,1
Unit,NA,30103102130,30501110612,1
Unit,NA,30103102130,30501110804,1
Unit,NA,30103102137,30103102104,1
Unit,NA,30103102139,30101100111,1
Unit,NA,30103102139,30103102104,1
Unit,NA,30201102201,30202102736,1
Unit,NA,30201102201,30503113117,1
Unit,NA,30201102205,30203104034,1
Unit,NA,30201102227,30201102205,1
Unit,NA,30201102227,30201102518,1
Unit,NA,30201102227,30202102706,1
Unit,NA,30201102227,30202102820,1
Unit,NA,30201102227,30203103506,1
Unit,NA,30201102227,30204104523,1
Unit,NA,30201102227,30504113301,1
Unit,NA,30201102228,30204104522,1
Unit,NA,30201102317,30103101701,1
Unit,NA,30201102317,30202102726,1
Unit,NA,30201102317,30202102736,1
Unit,NA,30201102317,30204104620,1
Unit,NA,30201102325,30201102327,1
Unit,NA,30201102327,30503113006,1
Unit,NA,30201102401,30503112905,1
Unit,NA,30201102418,30201102416,1
Unit,NA,30201102418,30201102431,1
Unit,NA,30201102418,30202102712,1
Unit,NA,30201102418,30202102915,1
Unit,NA,30201102418,30202103001,1
Unit,NA,30201102418,30204104408,1
Unit,NA,30201102418,30503112010,1
Unit,NA,30201102419,30201102325,1
Unit,NA,30201102431,30203103909,1
Unit,NA,30201102501,30202102820,1
Unit,NA,30201102501,30504113730,1
Unit,NA,30201102505,30201102515,1
Unit,NA,30201102519,30201102606,1
Unit,NA,30201102519,30203103708,1
Unit,NA,30201102519,30503112620,1
Unit,NA,30201102604,30201102312,1
Unit,NA,30201102604,30201102505,1
Unit,NA,30201102604,30201102607,1
Unit,NA,30201102604,30202102820,1
Unit,NA,30201102604,30202102913,1
Unit,NA,30201102604,30202103120,1
Unit,NA,30201102604,30202103214,1
Unit,NA,30201102604,30202103223,1
Unit,NA,30201102604,30202103302,1
Unit,NA,30201102604,30302105812,1
Unit,NA,30201102604,30501110519,1
Unit,NA,30201102604,30503113006,1
Unit,NA,30201102606,30201102519,1
Unit,NA,30201102607,30201102604,1
Unit,NA,30201102607,30501110531,1
Unit,NA,30201102607,30503111913,1
Unit,NA,30201102617,30201102616,1
Unit,NA,30201102617,30202102914,1
Unit,NA,30201102617,30202103119,1
Unit,NA,30201102617,30204104111,1
Unit,NA,30201102617,30204104128,1
Unit,NA,30201102617,30302105802,1
Unit,NA,30201102617,30404110411,1
Unit,NA,30201102617,30501110519,1
Unit,NA,30202102702,30202102726,1
Unit,NA,30202102702,30202103011,1
Unit,NA,30202102702,30401108419,1
Unit,NA,30202102702,30501110531,1
Unit,NA,30202102702,30503112206,1
Unit,NA,30202102702,30503113007,1
Unit,NA,30202102706,30202102727,1
Unit,NA,30202102706,30202102736,1
Unit,NA,30202102706,30204104522,1
Unit,NA,30202102708,30202102820,1
Unit,NA,30202102712,30202102708,1
Unit,NA,30202102712,30202102728,1
Unit,NA,30202102722,30204104620,1
Unit,NA,30202102726,30203103901,1
Unit,NA,30202102726,30501110622,1
Unit,NA,30202102726,30503112613,1
Unit,NA,30202102727,30101100125,1
Unit,NA,30202102727,30201102302,1
Unit,NA,30202102727,30202102706,1
Unit,NA,30202102727,30202102708,1
Unit,NA,30202102727,30202102712,1
Unit,NA,30202102727,30202102726,1
Unit,NA,30202102727,30202102912,1
Unit,NA,30202102727,30204104611,1
Unit,NA,30202102727,30503113122,1
Unit,NA,30202102728,30202102708,1
Unit,NA,30202102728,30202102712,1
Unit,NA,30202102728,30202102820,1
Unit,NA,30202102728,30202103120,1
Unit,NA,30202102728,30202103415,1
Unit,NA,30202102728,30203103603,1
Unit,NA,30202102728,30501111101,1
Unit,NA,30202102729,30202102712,1
Unit,NA,30202102729,30503112505,1
Unit,NA,30202102736,30202102727,1
Unit,NA,30202102736,30204104621,1
Unit,NA,30202102740,30201102604,1
Unit,NA,30202102802,30204104545,1
Unit,NA,30202102812,30501110624,1
Unit,NA,30202102815,30202103120,1
Unit,NA,30202102820,30202103007,1
Unit,NA,30202102820,30202103423,1
Unit,NA,30202102820,30501111103,1
Unit,NA,30202102820,30502111518,1
Unit,NA,30202102820,30503112403,1
Unit,NA,30202102822,30202102909,1
Unit,NA,30202102830,30202103405,1
Unit,NA,30202102830,30203103920,1
Unit,NA,30202102906,30202103315,1
Unit,NA,30202102908,30202103315,1
Unit,NA,30202102909,30202102706,1
Unit,NA,30202102909,30202102812,1
Unit,NA,30202102909,30202102822,1
Unit,NA,30202102909,30202102827,1
Unit,NA,30202102909,30202102914,1
Unit,NA,30202102909,30204104605,1
Unit,NA,30202102909,30501110517,1
Unit,NA,30202102909,30501111101,1
Unit,NA,30202102909,30503112706,1
Unit,NA,30202102914,30201102617,1
Unit,NA,30202102914,30202102802,1
Unit,NA,30202102914,30202103217,1
Unit,NA,30202103001,30103101801,1
Unit,NA,30202103001,30202102820,1
Unit,NA,30202103001,30203103701,1
Unit,NA,30202103004,30202102728,1
Unit,NA,30202103011,30203104017,1
Unit,NA,30202103103,30202103110,1
Unit,NA,30202103110,30202102830,1
Unit,NA,30202103119,30201102205,1
Unit,NA,30202103119,30201102617,1
Unit,NA,30202103120,30202103415,1
Unit,NA,30202103120,30503112505,1
Unit,NA,30202103214,30203103903,1
Unit,NA,30202103217,30202102914,1
Unit,NA,30202103217,30202103106,1
Unit,NA,30202103217,30202103221,1
Unit,NA,30202103217,30305107612,1
Unit,NA,30202103217,30501110519,1
Unit,NA,30202103217,30501111027,1
Unit,NA,30202103221,30404110005,1
Unit,NA,30202103225,30202102909,1
Unit,NA,30202103302,30202102902,1
Unit,NA,30202103315,30202102906,1
Unit,NA,30202103315,30203103815,1
Unit,NA,30202103315,30404110411,1
Unit,NA,30202103315,30503112902,1
Unit,NA,30202103315,30503113122,1
Unit,NA,30202103405,30202102727,1
Unit,NA,30202103405,30202103112,1
Unit,NA,30202103405,30202103120,1
Unit,NA,30202103405,30202103415,1
Unit,NA,30202103405,30203103603,1
Unit,NA,30202103405,30203104034,1
Unit,NA,30202103405,30204104616,1
Unit,NA,30202103405,30403109405,1
Unit,NA,30202103405,30501111109,1
Unit,NA,30202103405,30503112806,1
Unit,NA,30202103405,30504113721,1
Unit,NA,30202103411,30202102909,1
Unit,NA,30202103415,30202102728,1
Unit,NA,30202103415,30202103004,1
Unit,NA,30202103415,30203103808,1
Unit,NA,30202103415,30503112505,1
Unit,NA,30202103417,30202103419,1
Unit,NA,30202103417,30203104028,1
Unit,NA,30202103419,30202103423,1
Unit,NA,30202103422,30202102820,1
Unit,NA,30202103422,30301104814,1
Unit,NA,30202103422,30403109615,1
Unit,NA,30202103423,30202103001,1
Unit,NA,30202103423,30202103008,1
Unit,NA,30202103423,30202103415,1
Unit,NA,30202103423,30202103417,1
Unit,NA,30202103423,30203103512,1
Unit,NA,30202103423,30203103603,1
Unit,NA,30202103423,30203103808,1
Unit,NA,30202103423,30203103909,1
Unit,NA,30202103423,30203104003,1
Unit,NA,30202103423,30501111110,1
Unit,NA,30202103423,30503112501,1
Unit,NA,30203103505,30204104412,1
Unit,NA,30203103506,30203104017,1
Unit,NA,30203103509,30201102416,1
Unit,NA,30203103509,30202103311,1
Unit,NA,30203103509,30203103512,1
Unit,NA,30203103509,30203103603,1
Unit,NA,30203103509,30203103802,1
Unit,NA,30203103509,30203104029,1
Unit,NA,30203103509,30204104104,1
Unit,NA,30203103509,30204104408,1
Unit,NA,30203103509,30204104510,1
Unit,NA,30203103512,30501110519,1
Unit,NA,30203103512,30503112620,1
Unit,NA,30203103512,30503112904,1
Unit,NA,30203103513,30201102425,1
Unit,NA,30203103603,30101100609,1
Unit,NA,30203103603,30103102014,1
Unit,NA,30203103603,30202102728,1
Unit,NA,30203103603,30203103908,1
Unit,NA,30203103603,30203103909,1
Unit,NA,30203103603,30302105928,1
Unit,NA,30203103603,30303106613,1
Unit,NA,30203103603,30403109430,1
Unit,NA,30203103603,30503112810,1
Unit,NA,30203103603,30503113111,1
Unit,NA,30203103708,30203103603,1
Unit,NA,30203103802,30203103509,1
Unit,NA,30203103802,30203103815,1
Unit,NA,30203103802,30203104026,1
Unit,NA,30203103807,30202102803,1
Unit,NA,30203103807,30301104814,1
Unit,NA,30203103807,30304107008,1
Unit,NA,30203103807,30501111103,1
Unit,NA,30203103807,30503112619,1
Unit,NA,30203103808,30202103417,1
Unit,NA,30203103808,30203104034,1
Unit,NA,30203103815,30202102820,1
Unit,NA,30203103816,30203103802,1
Unit,NA,30203103901,30503112804,1
Unit,NA,30203103909,30404110331,1
Unit,NA,30203103909,30503112704,1
Unit,NA,30203103911,30202102706,1
Unit,NA,30203103920,30203103924,1
Unit,NA,30203103921,30203103924,1
Unit,NA,30203103924,30103101701,1
Unit,NA,30203103924,30203103701,1
Unit,NA,30203103924,30203103909,1
Unit,NA,30203103924,30203103919,1
Unit,NA,30203103924,30203103920,1
Unit,NA,30203103924,30203103921,1
Unit,NA,30203103924,30204104104,1
Unit,NA,30203103924,30305107401,1
Unit,NA,30203103924,30502111409,1
Unit,NA,30203103930,30203103911,1
Unit,NA,30203103931,30103101701,1
Unit,NA,30203103931,30203103708,1
Unit,NA,30203104003,30201102501,1
Unit,NA,30203104003,30202103417,1
Unit,NA,30203104003,30203103603,1
Unit,NA,30203104003,30203104017,1
Unit,NA,30203104003,30503112904,1
Unit,NA,30203104009,30503113104,1
Unit,NA,30203104017,30202102820,1
Unit,NA,30203104017,30202103007,1
Unit,NA,30203104017,30202103110,1
Unit,NA,30203104017,30203103603,1
Unit,NA,30203104017,30203103708,1
Unit,NA,30203104017,30203104027,1
Unit,NA,30203104017,30203104032,1
Unit,NA,30203104024,30202103423,1
Unit,NA,30203104024,30203103808,1
Unit,NA,30203104024,30203104028,1
Unit,NA,30203104025,30102100728,1
Unit,NA,30203104025,30203104020,1
Unit,NA,30203104025,30503112614,1
Unit,NA,30203104028,30202103415,1
Unit,NA,30203104028,30203104024,1
Unit,NA,30203104034,30202103405,1
Unit,NA,30203104034,30203103807,1
Unit,NA,30203104034,30503112501,1
Unit,NA,30204104101,30203103804,1
Unit,NA,30204104104,30203103509,1
Unit,NA,30204104104,30204104143,1
Unit,NA,30204104104,30204104509,1
Unit,NA,30204104107,30204104111,1
Unit,NA,30204104111,30204104134,1
Unit,NA,30204104111,30204104509,1
Unit,NA,30204104121,30204104134,1
Unit,NA,30204104128,30201102617,1
Unit,NA,30204104128,30203103815,1
Unit,NA,30204104134,30204104101,1
Unit,NA,30204104134,30204104111,1
Unit,NA,30204104134,30204104129,1
Unit,NA,30204104134,30204104308,1
Unit,NA,30204104134,30204104408,1
Unit,NA,30204104202,30204104212,1
Unit,NA,30204104211,30204104204,1
Unit,NA,30204104211,30204104208,1
Unit,NA,30204104211,30501110531,1
Unit,NA,30204104212,30103101701,1
Unit,NA,30204104212,30201102414,1
Unit,NA,30204104212,30203103603,1
Unit,NA,30204104212,30204104202,1
Unit,NA,30204104212,30204104218,1
Unit,NA,30204104212,30204104226,1
Unit,NA,30204104213,30204104308,1
Unit,NA,30204104213,30204104404,1
Unit,NA,30204104213,30204104408,1
Unit,NA,30204104213,30404110118,1
Unit,NA,30204104213,30503112907,1
Unit,NA,30204104218,30201102506,1
Unit,NA,30204104224,30204104401,1
Unit,NA,30204104224,30204104404,1
Unit,NA,30204104224,30204104408,1
Unit,NA,30204104303,30202102812,1
Unit,NA,30204104303,30203103505,1
Unit,NA,30204104303,30204104302,1
Unit,NA,30204104303,30204104308,1
Unit,NA,30204104303,30204104401,1
Unit,NA,30204104303,30204104404,1
Unit,NA,30204104303,30204104408,1
Unit,NA,30204104303,30503112619,1
Unit,NA,30204104303,30504113505,1
Unit,NA,30204104308,30204104104,1
Unit,NA,30204104308,30204104404,1
Unit,NA,30204104401,30204104211,1
Unit,NA,30204104401,30303106516,1
Unit,NA,30204104404,30204104224,1
Unit,NA,30204104404,30204104303,1
Unit,NA,30204104404,30503112614,1
Unit,NA,30204104408,30204104121,1
Unit,NA,30204104408,30204104128,1
Unit,NA,30204104408,30204104213,1
Unit,NA,30204104408,30204104224,1
Unit,NA,30204104408,30204104303,1
Unit,NA,30204104408,30204104404,1
Unit,NA,30204104508,30204104616,1
Unit,NA,30204104509,30202103108,1
Unit,NA,30204104509,30203103512,1
Unit,NA,30204104509,30203103801,1
Unit,NA,30204104509,30203103815,1
Unit,NA,30204104509,30204104104,1
Unit,NA,30204104509,30204104111,1
Unit,NA,30204104509,30204104510,1
Unit,NA,30204104509,30204104516,1
Unit,NA,30204104509,30204104535,1
Unit,NA,30204104509,30204104620,1
Unit,NA,30204104509,30503112706,1
Unit,NA,30204104516,30204104509,1
Unit,NA,30204104516,30204104522,1
Unit,NA,30204104522,30201102228,1
Unit,NA,30204104522,30202102706,1
Unit,NA,30204104522,30202102726,1
Unit,NA,30204104522,30202102820,1
Unit,NA,30204104522,30204104508,1
Unit,NA,30204104522,30204104516,1
Unit,NA,30204104523,30503112104,1
Unit,NA,30204104601,30202103117,1
Unit,NA,30204104601,30204104508,1
Unit,NA,30204104601,30204104621,1
Unit,NA,30204104601,30503112512,1
Unit,NA,30204104616,30202102706,1
Unit,NA,30204104617,30204104616,1
Unit,NA,30204104620,30202102736,1
Unit,NA,30204104621,30204104601,1
Unit,NA,30301104711,30301104913,1
Unit,NA,30301104711,30302105604,1
Unit,NA,30301104802,30301104804,1
Unit,NA,30301104802,30502111702,1
Unit,NA,30301104804,30103101401,1
Unit,NA,30301104804,30103101701,1
Unit,NA,30301104804,30202103225,1
Unit,NA,30301104804,30203103603,1
Unit,NA,30301104804,30203103708,1
Unit,NA,30301104804,30301104802,1
Unit,NA,30301104804,30301104814,1
Unit,NA,30301104804,30305107353,1
Unit,NA,30301104804,30501110624,1
Unit,NA,30301104804,30502111301,1
Unit,NA,30301104804,30502111303,1
Unit,NA,30301104804,30502111310,1
Unit,NA,30301104804,30502111723,1
Unit,NA,30301104804,30502111728,1
Unit,NA,30301104808,30103102126,1
Unit,NA,30301104808,30501110536,1
Unit,NA,30301104808,30502111301,1
Unit,NA,30301104813,30101100129,1
Unit,NA,30301104814,30301104804,1
Unit,NA,30301104816,30301104814,1
Unit,NA,30301104816,30502111702,1
Unit,NA,30301104817,30203103909,1
Unit,NA,30301104913,30103102108,1
Unit,NA,30301104913,30201102414,1
Unit,NA,30301104913,30301104711,1
Unit,NA,30301104913,30303106009,1
Unit,NA,30301104913,30303106511,1
Unit,NA,30301104913,30503113122,1
Unit,NA,30301104921,30103101701,1
Unit,NA,30301105102,30103102031,1
Unit,NA,30301105102,30301104913,1
Unit,NA,30301105102,30503112825,1
Unit,NA,30301105109,30103101701,1
Unit,NA,30301105109,30301105102,1
Unit,NA,30301105109,30301105119,1
Unit,NA,30301105109,30301105129,1
Unit,NA,30301105109,30301105135,1
Unit,NA,30301105109,30303106201,1
Unit,NA,30301105109,30303106209,1
Unit,NA,30301105109,30303106222,1
Unit,NA,30301105109,30303106316,1
Unit,NA,30301105109,30501110531,1
Unit,NA,30301105109,30501110537,1
Unit,NA,30301105109,30501110601,1
Unit,NA,30301105109,30504113612,1
Unit,NA,30301105119,30302105808,1
Unit,NA,30301105135,30301105109,1
Unit,NA,30301105138,30303106207,1
Unit,NA,30301105142,30301104914,1
Unit,NA,30302105204,30302105206,1
Unit,NA,30302105204,30302105801,1
Unit,NA,30302105204,30501111204,1
Unit,NA,30302105205,30302105910,1
Unit,NA,30302105205,30303106221,1
Unit,NA,30302105205,30305107632,1
Unit,NA,30302105205,30306108023,1
Unit,NA,30302105205,30403109615,1
Unit,NA,30302105206,30302105204,1
Unit,NA,30302105206,30302105219,1
Unit,NA,30302105206,30302105312,1
Unit,NA,30302105206,30302105802,1
Unit,NA,30302105206,30302105812,1
Unit,NA,30302105206,30302105910,1
Unit,NA,30302105206,30303106516,1
Unit,NA,30302105206,30403109615,1
Unit,NA,30302105206,30501110536,1
Unit,NA,30302105206,30501110707,1
Unit,NA,30302105206,30501111008,1
Unit,NA,30302105217,30302105204,1
Unit,NA,30302105217,30302105529,1
Unit,NA,30302105217,30304107116,1
Unit,NA,30302105225,30301104905,1
Unit,NA,30302105225,30302105914,1
Unit,NA,30302105225,30302105917,1
Unit,NA,30302105225,30304107101,1
Unit,NA,30302105225,30501110541,1
Unit,NA,30302105306,30101100201,1
Unit,NA,30302105306,30302105312,1
Unit,NA,30302105306,30302105315,1
Unit,NA,30302105306,30302105339,1
Unit,NA,30302105306,30501110612,1
Unit,NA,30302105306,30501111105,1
Unit,NA,30302105310,30203103603,1
Unit,NA,30302105310,30302105327,1
Unit,NA,30302105310,30302105339,1
Unit,NA,30302105310,30501110519,1
Unit,NA,30302105310,30501111001,1
Unit,NA,30302105312,30302105306,1
Unit,NA,30302105312,30304107119,1
Unit,NA,30302105315,30101100422,1
Unit,NA,30302105315,30302105306,1
Unit,NA,30302105315,30302105323,1
Unit,NA,30302105315,30303106207,1
Unit,NA,30302105315,30304106809,1
Unit,NA,30302105315,30501111013,1
Unit,NA,30302105323,30302105315,1
Unit,NA,30302105323,30302105339,1
Unit,NA,30302105323,30302105614,1
Unit,NA,30302105327,30203103603,1
Unit,NA,30302105332,30303106022,1
Unit,NA,30302105339,30101100321,1
Unit,NA,30302105339,30302105323,1
Unit,NA,30302105339,30504113615,1
Unit,NA,30302105401,30301104914,1
Unit,NA,30302105401,30501110707,1
Unit,NA,30302105403,30302105926,1
Unit,NA,30302105406,30302105204,1
Unit,NA,30302105406,30302105408,1
Unit,NA,30302105406,30302105802,1
Unit,NA,30302105406,30302105803,1
Unit,NA,30302105406,30403109615,1
Unit,NA,30302105408,30303106511,1
Unit,NA,30302105408,30501110703,1
Unit,NA,30302105408,30502111503,1
Unit,NA,30302105501,30302105504,1
Unit,NA,30302105501,30302105529,1
Unit,NA,30302105501,30302105712,1
Unit,NA,30302105504,30302105501,1
Unit,NA,30302105504,30501111001,1
Unit,NA,30302105504,30502111510,1
Unit,NA,30302105504,30502111728,1
Unit,NA,30302105504,30503111915,1
Unit,NA,30302105504,30503112620,1
Unit,NA,30302105509,30103102031,1
Unit,NA,30302105529,30302105501,1
Unit,NA,30302105533,30302105205,1
Unit,NA,30302105604,30301105007,1
Unit,NA,30302105604,30302105315,1
Unit,NA,30302105604,30303106032,1
Unit,NA,30302105605,30302105339,1
Unit,NA,30302105609,30302105712,1
Unit,NA,30302105612,30302105517,1
Unit,NA,30302105612,30302105614,1
Unit,NA,30302105612,30302105707,1
Unit,NA,30302105612,30302105910,1
Unit,NA,30302105612,30501110519,1
Unit,NA,30302105612,30502111708,1
Unit,NA,30302105614,30103101701,1
Unit,NA,30302105614,30302105323,1
Unit,NA,30302105614,30302105501,1
Unit,NA,30302105617,30303106323,1
Unit,NA,30302105618,30302105816,1
Unit,NA,30302105701,30302105712,1
Unit,NA,30302105701,30303106320,1
Unit,NA,30302105701,30304107016,1
Unit,NA,30302105707,30503112904,1
Unit,NA,30302105708,30302105712,1
Unit,NA,30302105708,30501110530,1
Unit,NA,30302105712,30302105614,1
Unit,NA,30302105712,30302105701,1
Unit,NA,30302105712,30302105708,1
Unit,NA,30302105712,30302105709,1
Unit,NA,30302105712,30303106340,1
Unit,NA,30302105712,30303106511,1
Unit,NA,30302105712,30304106711,1
Unit,NA,30302105712,30304107116,1
Unit,NA,30302105712,30305107604,1
Unit,NA,30302105712,30501111109,1
Unit,NA,30302105712,30503112904,1
Unit,NA,30302105802,30101100602,1
Unit,NA,30302105802,30501111204,1
Unit,NA,30302105803,30302105406,1
Unit,NA,30302105803,30302105808,1
Unit,NA,30302105815,30504113512,1
Unit,NA,30302105910,30302105206,1
Unit,NA,30302105910,30302105225,1
Unit,NA,30302105910,30304106801,1
Unit,NA,30302105911,30302105205,1
Unit,NA,30302105914,30302105910,1
Unit,NA,30302105917,30302105928,1
Unit,NA,30302105926,30304106712,1
Unit,NA,30302105928,30302105906,1
Unit,NA,30302105928,30302105917,1
Unit,NA,30302105928,30403109615,1
Unit,NA,30302105928,30501110531,1
Unit,NA,30302105928,30501110536,1
Unit,NA,30302105928,30501111115,1
Unit,NA,30303106009,30301104913,1
Unit,NA,30303106014,30303106511,1
Unit,NA,30303106022,30302105208,1
Unit,NA,30303106022,30303106035,1
Unit,NA,30303106022,30303106039,1
Unit,NA,30303106022,30303106110,1
Unit,NA,30303106022,30303106409,1
Unit,NA,30303106032,30303106022,1
Unit,NA,30303106032,30306107829,1
Unit,NA,30303106035,30303106022,1
Unit,NA,30303106035,30503112613,1
Unit,NA,30303106039,30303106022,1
Unit,NA,30303106103,30301104814,1
Unit,NA,30303106103,30302105524,1
Unit,NA,30303106103,30303106110,1
Unit,NA,30303106103,30303106511,1
Unit,NA,30303106103,30304106712,1
Unit,NA,30303106103,30304107008,1
Unit,NA,30303106110,30302105812,1
Unit,NA,30303106110,30303106022,1
Unit,NA,30303106110,30304107001,1
Unit,NA,30303106110,30306107803,1
Unit,NA,30303106201,30301105109,1
Unit,NA,30303106201,30303106416,1
Unit,NA,30303106207,30301105138,1
Unit,NA,30303106207,30302105604,1
Unit,NA,30303106207,30302105815,1
Unit,NA,30303106207,30303106213,1
Unit,NA,30303106209,30303106222,1
Unit,NA,30303106213,30303106207,1
Unit,NA,30303106221,30204104601,1
Unit,NA,30303106222,30301104808,1
Unit,NA,30303106222,30303106032,1
Unit,NA,30303106222,30303106511,1
Unit,NA,30303106321,30101100602,1
Unit,NA,30303106323,30303106340,1
Unit,NA,30303106323,30304107116,1
Unit,NA,30303106324,30102100803,1
Unit,NA,30303106342,30304107016,1
Unit,NA,30303106408,30302105517,1
Unit,NA,30303106408,30303106032,1
Unit,NA,30303106408,30303106409,1
Unit,NA,30303106408,30303106617,1
Unit,NA,30303106408,30306107910,1
Unit,NA,30303106409,30302105332,1
Unit,NA,30303106409,30303106038,1
Unit,NA,30303106409,30305107327,1
Unit,NA,30303106409,30306107829,1
Unit,NA,30303106409,30501110516,1
Unit,NA,30303106416,30101100407,1
Unit,NA,30303106416,30102100720,1
Unit,NA,30303106416,30202102822,1
Unit,NA,30303106416,30301105119,1
Unit,NA,30303106416,30303106035,1
Unit,NA,30303106416,30303106201,1
Unit,NA,30303106416,30303106222,1
Unit,NA,30303106416,30303106511,1
Unit,NA,30303106416,30303106516,1
Unit,NA,30303106416,30303106613,1
Unit,NA,30303106416,30304107008,1
Unit,NA,30303106416,30305107625,1
Unit,NA,30303106416,30503112614,1
Unit,NA,30303106501,30304106708,1
Unit,NA,30303106511,30303106103,1
Unit,NA,30303106513,30302105617,1
Unit,NA,30303106513,30302105704,1
Unit,NA,30303106513,30303106222,1
Unit,NA,30303106513,30303106316,1
Unit,NA,30303106513,30303106323,1
Unit,NA,30303106513,30303106324,1
Unit,NA,30303106513,30303106516,1
Unit,NA,30303106513,30303106615,1
Unit,NA,30303106513,30305107339,1
Unit,NA,30303106513,30306107901,1
Unit,NA,30303106513,30501110534,1
Unit,NA,30303106513,30501111008,1
Unit,NA,30303106516,30101100101,1
Unit,NA,30303106516,30102101330,1
Unit,NA,30303106516,30301104914,1
Unit,NA,30303106516,30303106513,1
Unit,NA,30303106516,30304106710,1
Unit,NA,30303106615,30303106409,1
Unit,NA,30303106615,30303106501,1
Unit,NA,30304106701,30403109615,1
Unit,NA,30304106703,30304106710,1
Unit,NA,30304106708,30303106615,1
Unit,NA,30304106710,30303106516,1
Unit,NA,30304106710,30304106703,1
Unit,NA,30304106710,30304106712,1
Unit,NA,30304106710,30304107008,1
Unit,NA,30304106710,30306107901,1
Unit,NA,30304106710,30501110541,1
Unit,NA,30304106711,30102101330,1
Unit,NA,30304106711,30303106511,1
Unit,NA,30304106712,30302105216,1
Unit,NA,30304106712,30304106710,1
Unit,NA,30304106712,30305107625,1
Unit,NA,30304106801,30103102116,1
Unit,NA,30304106801,30202103011,1
Unit,NA,30304106801,30301105142,1
Unit,NA,30304106801,30302105204,1
Unit,NA,30304106801,30302105812,1
Unit,NA,30304106801,30302105910,1
Unit,NA,30304106801,30304106821,1
Unit,NA,30304106801,30304107008,1
Unit,NA,30304106801,30304107116,1
Unit,NA,30304106801,30306107814,1
Unit,NA,30304106801,30501110536,1
Unit,NA,30304106801,30501111001,1
Unit,NA,30304106801,30501111013,1
Unit,NA,30304106801,30501111014,1
Unit,NA,30304106801,30501111101,1
Unit,NA,30304106801,30503111915,1
Unit,NA,30304106801,30504113715,1
Unit,NA,30304106809,30302105315,1
Unit,NA,30304106809,30304107008,1
Unit,NA,30304106814,30203103603,1
Unit,NA,30304106814,30301104915,1
Unit,NA,30304106814,30302105315,1
Unit,NA,30304106814,30302105909,1
Unit,NA,30304106814,30302105910,1
Unit,NA,30304106814,30302105911,1
Unit,NA,30304106814,30303106302,1
Unit,NA,30304106814,30304106821,1
Unit,NA,30304106814,30501110531,1
Unit,NA,30304106814,30501110621,1
Unit,NA,30304106814,30501111204,1
Unit,NA,30304106820,30304106821,1
Unit,NA,30304106820,30304107001,1
Unit,NA,30304106820,30304107015,1
Unit,NA,30304106820,30304107117,1
Unit,NA,30304106820,30305107632,1
Unit,NA,30304106820,30401108409,1
Unit,NA,30304106820,30403109311,1
Unit,NA,30304106820,30501110541,1
Unit,NA,30304106820,30501111103,1
Unit,NA,30304106821,30303106032,1
Unit,NA,30304106821,30304106814,1
Unit,NA,30304106821,30305107612,1
Unit,NA,30304106901,30302105509,1
Unit,NA,30304106901,30304106912,1
Unit,NA,30304106905,30306107829,1
Unit,NA,30304106912,30304106901,1
Unit,NA,30304106912,30304107011,1
Unit,NA,30304106912,30306107707,1
Unit,NA,30304106912,30503112416,1
Unit,NA,30304106912,30503112614,1
Unit,NA,30304107001,30302105509,1
Unit,NA,30304107001,30304107016,1
Unit,NA,30304107002,30202103004,1
Unit,NA,30304107002,30302105803,1
Unit,NA,30304107002,30304106809,1
Unit,NA,30304107002,30304107001,1
Unit,NA,30304107002,30304107011,1
Unit,NA,30304107002,30304107015,1
Unit,NA,30304107002,30304107016,1
Unit,NA,30304107002,30304107116,1
Unit,NA,30304107002,30305107625,1
Unit,NA,30304107002,30305107632,1
Unit,NA,30304107002,30501111013,1
Unit,NA,30304107008,30303106110,1
Unit,NA,30304107008,30304106710,1
Unit,NA,30304107011,30301104914,1
Unit,NA,30304107011,30304106901,1
Unit,NA,30304107011,30304106912,1
Unit,NA,30304107015,30304106712,1
Unit,NA,30304107015,30304107002,1
Unit,NA,30304107015,30305107625,1
Unit,NA,30304107016,30302105339,1
Unit,NA,30304107016,30302105510,1
Unit,NA,30304107016,30302105604,1
Unit,NA,30304107016,30302105614,1
Unit,NA,30304107016,30302105701,1
Unit,NA,30304107016,30303106110,1
Unit,NA,30304107016,30304106710,1
Unit,NA,30304107016,30304106821,1
Unit,NA,30304107016,30304107003,1
Unit,NA,30304107016,30304107011,1
Unit,NA,30304107016,30503112806,1
Unit,NA,30304107101,30304106712,1
Unit,NA,30304107109,30304107116,1
Unit,NA,30304107109,30403109207,1
Unit,NA,30304107111,30302105208,1
Unit,NA,30304107111,30302105327,1
Unit,NA,30304107111,30302105524,1
Unit,NA,30304107111,30303106032,1
Unit,NA,30304107111,30303106323,1
Unit,NA,30304107111,30304106710,1
Unit,NA,30304107111,30304106821,1
Unit,NA,30304107111,30305107347,1
Unit,NA,30304107111,30403109311,1
Unit,NA,30304107112,30203103708,1
Unit,NA,30304107112,30302105205,1
Unit,NA,30304107112,30302105401,1
Unit,NA,30304107112,30302105927,1
Unit,NA,30304107112,30303106222,1
Unit,NA,30304107112,30304107109,1
Unit,NA,30304107112,30304107116,1
Unit,NA,30304107112,30501110508,1
Unit,NA,30304107112,30501111035,1
Unit,NA,30304107112,30502111503,1
Unit,NA,30304107115,30302105712,1
Unit,NA,30304107116,30302105701,1
Unit,NA,30304107116,30304107109,1
Unit,NA,30304107116,30304107111,1
Unit,NA,30304107116,30501110621,1
Unit,NA,30304107116,30501111019,1
Unit,NA,30304107116,30501111035,1
Unit,NA,30304107119,30501110530,1
Unit,NA,30305107217,30305107218,1
Unit,NA,30305107217,30305107332,1
Unit,NA,30305107218,30305107212,1
Unit,NA,30305107218,30305107216,1
Unit,NA,30305107218,30305107516,1
Unit,NA,30305107301,30303106103,1
Unit,NA,30305107301,30306107803,1
Unit,NA,30305107326,30305107327,1
Unit,NA,30305107327,30302105333,1
Unit,NA,30305107327,30302105506,1
Unit,NA,30305107327,30303106032,1
Unit,NA,30305107327,30303106035,1
Unit,NA,30305107327,30303106409,1
Unit,NA,30305107327,30303106516,1
Unit,NA,30305107327,30305107326,1
Unit,NA,30305107327,30305107358,1
Unit,NA,30305107327,30305107532,1
Unit,NA,30305107327,30306107902,1
Unit,NA,30305107327,30306107905,1
Unit,NA,30305107327,30306107910,1
Unit,NA,30305107327,30306107918,1
Unit,NA,30305107327,30306108038,1
Unit,NA,30305107327,30403109435,1
Unit,NA,30305107332,30305107217,1
Unit,NA,30305107332,30305107614,1
Unit,NA,30305107423,30306108038,1
Unit,NA,30305107423,30402108910,1
Unit,NA,30305107532,30305107327,1
Unit,NA,30305107601,30203103909,1
Unit,NA,30305107601,30302105408,1
Unit,NA,30305107601,30403109306,1
Unit,NA,30305107604,30302105810,1
Unit,NA,30305107610,30305107614,1
Unit,NA,30305107614,30302105604,1
Unit,NA,30305107614,30303106322,1
Unit,NA,30305107614,30303106516,1
Unit,NA,30305107614,30305107332,1
Unit,NA,30305107614,30305107610,1
Unit,NA,30305107614,30305107616,1
Unit,NA,30305107614,30306107902,1
Unit,NA,30305107614,30501110531,1
Unit,NA,30305107616,30305107614,1
Unit,NA,30305107625,30304106712,1
Unit,NA,30305107632,30103102108,1
Unit,NA,30305107632,30403109508,1
Unit,NA,30306107707,30304106912,1
Unit,NA,30306107711,30305107301,1
Unit,NA,30306107803,30302105509,1
Unit,NA,30306107803,30303106032,1
Unit,NA,30306107803,30305107419,1
Unit,NA,30306107803,30305107629,1
Unit,NA,30306107803,30306107711,1
Unit,NA,30306107803,30306107808,1
Unit,NA,30306107803,30306107918,1
Unit,NA,30306107803,30306108038,1
Unit,NA,30306107803,30501111204,1
Unit,NA,30306107808,30306107803,1
Unit,NA,30306107808,30306107809,1
Unit,NA,30306107809,30103101401,1
Unit,NA,30306107809,30303106511,1
Unit,NA,30306107809,30304106712,1
Unit,NA,30306107809,30304107008,1
Unit,NA,30306107809,30305107301,1
Unit,NA,30306107809,30305107625,1
Unit,NA,30306107809,30306107808,1
Unit,NA,30306107809,30306107911,1
Unit,NA,30306107809,30306107918,1
Unit,NA,30306107809,30501111110,1
Unit,NA,30306107809,30504113505,1
Unit,NA,30306107824,30303106031,1
Unit,NA,30306107824,30306107815,1
Unit,NA,30306107824,30306107905,1
Unit,NA,30306107828,30306107829,1
Unit,NA,30306107829,30302105605,1
Unit,NA,30306107829,30303106032,1
Unit,NA,30306107829,30303106104,1
Unit,NA,30306107829,30303106409,1
Unit,NA,30306107829,30304106711,1
Unit,NA,30306107829,30304106905,1
Unit,NA,30306107829,30304107015,1
Unit,NA,30306107829,30306107824,1
Unit,NA,30306107829,30306107828,1
Unit,NA,30306107829,30306107901,1
Unit,NA,30306107829,30306107905,1
Unit,NA,30306107829,30306108003,1
Unit,NA,30306107829,30403109306,1
Unit,NA,30306107829,30501110531,1
Unit,NA,30306107829,30501110621,1
Unit,NA,30306107829,30501111030,1
Unit,NA,30306107901,30306107829,1
Unit,NA,30306107901,30306107918,1
Unit,NA,30306107902,30306108032,1
Unit,NA,30306107905,30203103708,1
Unit,NA,30306107910,30306108038,1
Unit,NA,30306107910,30504113225,1
Unit,NA,30306107918,30303106110,1
Unit,NA,30306107918,30303106416,1
Unit,NA,30306107918,30306107809,1
Unit,NA,30306107918,30306107901,1
Unit,NA,30401108103,30401108105,1
Unit,NA,30401108103,30401108117,1
Unit,NA,30401108103,30401108205,1
Unit,NA,30401108103,30401108211,1
Unit,NA,30401108104,30305107625,1
Unit,NA,30401108111,30401108114,1
Unit,NA,30401108111,30401108205,1
Unit,NA,30401108111,30401108412,1
Unit,NA,30401108112,30401108219,1
Unit,NA,30401108114,30305107632,1
Unit,NA,30401108114,30401108104,1
Unit,NA,30401108114,30401108111,1
Unit,NA,30401108114,30403109430,1
Unit,NA,30401108114,30403109615,1
Unit,NA,30401108114,30404110103,1
Unit,NA,30401108115,30401108417,1
Unit,NA,30401108117,30101100403,1
Unit,NA,30401108117,30203103603,1
Unit,NA,30401108117,30401108103,1
Unit,NA,30401108117,30401108111,1
Unit,NA,30401108117,30401108115,1
Unit,NA,30401108117,30401108220,1
Unit,NA,30401108117,30401108410,1
Unit,NA,30401108117,30402109010,1
Unit,NA,30401108117,30403109516,1
Unit,NA,30401108117,30403109615,1
Unit,NA,30401108205,30401108103,1
Unit,NA,30401108205,30401108111,1
Unit,NA,30401108205,30401108219,1
Unit,NA,30401108205,30401108311,1
Unit,NA,30401108205,30401108402,1
Unit,NA,30401108205,30403109615,1
Unit,NA,30401108211,30401108505,1
Unit,NA,30401108219,30401108103,1
Unit,NA,30401108219,30401108209,1
Unit,NA,30401108220,30401108117,1
Unit,NA,30401108303,30401108103,1
Unit,NA,30401108303,30401108111,1
Unit,NA,30401108303,30401108209,1
Unit,NA,30401108303,30401108304,1
Unit,NA,30401108303,30401108419,1
Unit,NA,30401108303,30501110519,1
Unit,NA,30401108304,30504113732,1
Unit,NA,30401108311,30401108205,1
Unit,NA,30401108402,30303106516,1
Unit,NA,30401108402,30401108205,1
Unit,NA,30401108402,30401108403,1
Unit,NA,30401108402,30401108411,1
Unit,NA,30401108402,30403109423,1
Unit,NA,30401108402,30501110612,1
Unit,NA,30401108403,30401108402,1
Unit,NA,30401108404,30401108412,1
Unit,NA,30401108409,30504113507,1
Unit,NA,30401108410,30401108103,1
Unit,NA,30401108410,30401108117,1
Unit,NA,30401108411,30504113724,1
Unit,NA,30401108412,30305107630,1
Unit,NA,30401108412,30401108103,1
Unit,NA,30401108412,30401108111,1
Unit,NA,30401108412,30401108115,1
Unit,NA,30401108412,30401108219,1
Unit,NA,30401108412,30401108404,1
Unit,NA,30401108412,30401108409,1
Unit,NA,30401108412,30402108702,1
Unit,NA,30401108412,30403109301,1
Unit,NA,30401108412,30403109418,1
Unit,NA,30401108412,30403109423,1
Unit,NA,30401108412,30403109430,1
Unit,NA,30401108412,30501111014,1
Unit,NA,30401108412,30504113512,1
Unit,NA,30401108420,30401108117,1
Unit,NA,30401108505,30203103908,1
Unit,NA,30401108505,30401108112,1
Unit,NA,30401108505,30401108210,1
Unit,NA,30401108505,30401108211,1
Unit,NA,30401108505,30402109101,1
Unit,NA,30401108505,30403109216,1
Unit,NA,30401108505,30403109430,1
Unit,NA,30401108505,30503113122,1
Unit,NA,30401108510,30401108505,1
Unit,NA,30402108605,30402108612,1
Unit,NA,30402108605,30402108628,1
Unit,NA,30402108612,30402108605,1
Unit,NA,30402108612,30402108614,1
Unit,NA,30402108612,30402108903,1
Unit,NA,30402108612,30402109010,1
Unit,NA,30402108612,30402109012,1
Unit,NA,30402108612,30501111019,1
Unit,NA,30402108614,30402108612,1
Unit,NA,30402108614,30402108626,1
Unit,NA,30402108626,30402108614,1
Unit,NA,30402108626,30402108628,1
Unit,NA,30402108628,30304107116,1
Unit,NA,30402108703,30402108717,1
Unit,NA,30402108716,30402108703,1
Unit,NA,30402108717,30203103603,1
Unit,NA,30402108717,30301105011,1
Unit,NA,30402108717,30402108714,1
Unit,NA,30402108717,30402108716,1
Unit,NA,30402108717,30402108816,1
Unit,NA,30402108717,30402109010,1
Unit,NA,30402108717,30403109301,1
Unit,NA,30402108717,30403109518,1
Unit,NA,30402108717,30501110536,1
Unit,NA,30402108717,30501111108,1
Unit,NA,30402108717,30501111202,1
Unit,NA,30402108717,30504113214,1
Unit,NA,30402108717,30504113310,1
Unit,NA,30402108803,30303106044,1
Unit,NA,30402108803,30402108717,1
Unit,NA,30402108803,30403109418,1
Unit,NA,30402108805,30303106032,1
Unit,NA,30402108805,30402108803,1
Unit,NA,30402108805,30402108815,1
Unit,NA,30402108805,30402108903,1
Unit,NA,30402108805,30403109407,1
Unit,NA,30402108805,30501111103,1
Unit,NA,30402108805,30501111115,1
Unit,NA,30402108815,30402108803,1
Unit,NA,30402108816,30402108803,1
Unit,NA,30402108816,30402109001,1
Unit,NA,30402108903,30401108405,1
Unit,NA,30402108903,30402108805,1
Unit,NA,30402108903,30504113309,1
Unit,NA,30402109001,30401108105,1
Unit,NA,30402109001,30401108111,1
Unit,NA,30402109001,30401108419,1
Unit,NA,30402109001,30402108803,1
Unit,NA,30402109001,30402108816,1
Unit,NA,30402109001,30402109004,1
Unit,NA,30402109001,30402109005,1
Unit,NA,30402109001,30402109007,1
Unit,NA,30402109001,30402109010,1
Unit,NA,30402109001,30402109017,1
Unit,NA,30402109001,30403109430,1
Unit,NA,30402109001,30403109615,1
Unit,NA,30402109001,30501110533,1
Unit,NA,30402109001,30501110536,1
Unit,NA,30402109001,30504113715,1
Unit,NA,30402109005,30402109001,1
Unit,NA,30402109007,30403109418,1
Unit,NA,30402109007,30403109423,1
Unit,NA,30402109007,30501111008,1
Unit,NA,30402109010,30403109407,1
Unit,NA,30402109017,30402109010,1
Unit,NA,30402109019,30404110309,1
Unit,NA,30402109111,30402108615,1
Unit,NA,30402109111,30402108702,1
Unit,NA,30402109111,30402109007,1
Unit,NA,30402109111,30402109010,1
Unit,NA,30402109111,30403109615,1
Unit,NA,30402109111,30501111001,1
Unit,NA,30402109111,30504113214,1
Unit,NA,30403109201,30403109202,1
Unit,NA,30403109201,30403109214,1
Unit,NA,30403109202,30402109001,1
Unit,NA,30403109202,30403109210,1
Unit,NA,30403109203,30403109210,1
Unit,NA,30403109203,30503112403,1
Unit,NA,30403109209,30403109210,1
Unit,NA,30403109210,30202102812,1
Unit,NA,30403109210,30302105910,1
Unit,NA,30403109210,30302105911,1
Unit,NA,30403109210,30305107421,1
Unit,NA,30403109210,30402108708,1
Unit,NA,30403109210,30403109202,1
Unit,NA,30403109210,30403109203,1
Unit,NA,30403109210,30403109416,1
Unit,NA,30403109210,30403109518,1
Unit,NA,30403109210,30501110531,1
Unit,NA,30403109215,30403109508,1
Unit,NA,30403109216,30403109615,1
Unit,NA,30403109301,30402108717,1
Unit,NA,30403109301,30403109311,1
Unit,NA,30403109302,30302105339,1
Unit,NA,30403109302,30403109311,1
Unit,NA,30403109306,30302105315,1
Unit,NA,30403109306,30306107829,1
Unit,NA,30403109311,30302105516,1
Unit,NA,30403109311,30302105911,1
Unit,NA,30403109311,30304106809,1
Unit,NA,30403109311,30305107630,1
Unit,NA,30403109311,30305107632,1
Unit,NA,30403109311,30401108105,1
Unit,NA,30403109311,30401108117,1
Unit,NA,30403109311,30403109301,1
Unit,NA,30403109311,30403109302,1
Unit,NA,30403109311,30403109306,1
Unit,NA,30403109311,30403109430,1
Unit,NA,30403109311,30501111001,1
Unit,NA,30403109401,30203103807,1
Unit,NA,30403109402,30403109401,1
Unit,NA,30403109402,30403109407,1
Unit,NA,30403109402,30403109411,1
Unit,NA,30403109402,30403109418,1
Unit,NA,30403109402,30403109430,1
Unit,NA,30403109402,30404110201,1
Unit,NA,30403109402,30501110518,1
Unit,NA,30403109402,30504113420,1
Unit,NA,30403109402,30504113715,1
Unit,NA,30403109407,30402108714,1
Unit,NA,30403109407,30403109402,1
Unit,NA,30403109407,30403109615,1
Unit,NA,30403109407,30501110531,1
Unit,NA,30403109411,30403109428,1
Unit,NA,30403109416,30403109402,1
Unit,NA,30403109418,30401108117,1
Unit,NA,30403109418,30403109417,1
Unit,NA,30403109418,30504113724,1
Unit,NA,30403109418,30504113732,1
Unit,NA,30403109423,30302105810,1
Unit,NA,30403109423,30403109210,1
Unit,NA,30403109423,30403109416,1
Unit,NA,30403109423,30403109613,1
Unit,NA,30403109423,30504113529,1
Unit,NA,30403109428,30403109407,1
Unit,NA,30403109430,30302105903,1
Unit,NA,30403109430,30304107008,1
Unit,NA,30403109430,30305107625,1
Unit,NA,30403109430,30401108117,1
Unit,NA,30403109430,30402109001,1
Unit,NA,30403109430,30403109210,1
Unit,NA,30403109430,30403109311,1
Unit,NA,30403109430,30403109405,1
Unit,NA,30403109430,30403109407,1
Unit,NA,30403109430,30403109410,1
Unit,NA,30403109430,30403109411,1
Unit,NA,30403109430,30403109418,1
Unit,NA,30403109430,30403109423,1
Unit,NA,30403109430,30403109424,1
Unit,NA,30403109430,30403109609,1
Unit,NA,30403109430,30403109615,1
Unit,NA,30403109430,30501111029,1
Unit,NA,30403109430,30501111106,1
Unit,NA,30403109430,30504113523,1
Unit,NA,30403109430,30504113721,1
Unit,NA,30403109430,30504113730,1
Unit,NA,30403109508,30302105911,1
Unit,NA,30403109508,30303106032,1
Unit,NA,30403109508,30403109201,1
Unit,NA,30403109508,30403109207,1
Unit,NA,30403109508,30403109302,1
Unit,NA,30403109508,30403109430,1
Unit,NA,30403109508,30403109510,1
Unit,NA,30403109508,30403109518,1
Unit,NA,30403109508,30403109519,1
Unit,NA,30403109508,30501110519,1
Unit,NA,30403109508,30501110531,1
Unit,NA,30403109508,30501111026,1
Unit,NA,30403109508,30504113707,1
Unit,NA,30403109515,30403109508,1
Unit,NA,30403109518,30302105526,1
Unit,NA,30403109609,30403109418,1
Unit,NA,30403109609,30403109430,1
Unit,NA,30403109613,30201102431,1
Unit,NA,30403109613,30202103101,1
Unit,NA,30403109613,30305107625,1
Unit,NA,30403109613,30403109423,1
Unit,NA,30403109613,30403109609,1
Unit,NA,30403109613,30403109615,1
Unit,NA,30403109613,30501110513,1
Unit,NA,30403109613,30501110531,1
Unit,NA,30403109615,30403109430,1
Unit,NA,30403109615,30403109613,1
Unit,NA,30403109615,30403109701,1
Unit,NA,30403109706,30504113419,1
Unit,NA,30403109711,30402109001,1
Unit,NA,30403109713,30504113715,1
Unit,NA,30403109715,30302105226,1
Unit,NA,30403109715,30401108405,1
Unit,NA,30403109715,30403109416,1
Unit,NA,30403109715,30403109615,1
Unit,NA,30403109715,30501110903,1
Unit,NA,30403109715,30501111115,1
Unit,NA,30403109715,30502111512,1
Unit,NA,30403109715,30504113709,1
Unit,NA,30404109807,30404110112,1
Unit,NA,30404109807,30404110122,1
Unit,NA,30404109807,30503112706,1
Unit,NA,30404110005,30103101711,1
Unit,NA,30404110005,30202102830,1
Unit,NA,30404110005,30501110536,1
Unit,NA,30404110101,30501110523,1
Unit,NA,30404110107,30501110518,1
Unit,NA,30404110116,30203103603,1
Unit,NA,30404110116,30404110101,1
Unit,NA,30404110116,30404110416,1
Unit,NA,30404110122,30202103315,1
Unit,NA,30404110201,30403109402,1
Unit,NA,30404110301,30404110116,1
Unit,NA,30404110301,30404110303,1
Unit,NA,30404110301,30404110322,1
Unit,NA,30404110301,30404110331,1
Unit,NA,30404110301,30501111032,1
Unit,NA,30404110303,30103102031,1
Unit,NA,30404110303,30203103603,1
Unit,NA,30404110303,30302105820,1
Unit,NA,30404110303,30404110005,1
Unit,NA,30404110303,30404110301,1
Unit,NA,30404110303,30404110309,1
Unit,NA,30404110303,30404110324,1
Unit,NA,30404110303,30501110519,1
Unit,NA,30404110303,30501110531,1
Unit,NA,30404110303,30501111001,1
Unit,NA,30404110303,30504113208,1
Unit,NA,30404110303,30504113309,1
Unit,NA,30404110303,30504113504,1
Unit,NA,30404110303,30504113611,1
Unit,NA,30404110309,30404110303,1
Unit,NA,30404110309,30404110331,1
Unit,NA,30404110309,30501111108,1
Unit,NA,30404110317,30404110301,1
Unit,NA,30404110322,30202103225,1
Unit,NA,30404110322,30404110116,1
Unit,NA,30404110322,30404110301,1
Unit,NA,30404110322,30404110303,1
Unit,NA,30404110322,30404110309,1
Unit,NA,30404110322,30404110317,1
Unit,NA,30404110322,30404110325,1
Unit,NA,30404110322,30501110621,1
Unit,NA,30404110322,30501110708,1
Unit,NA,30404110322,30501111101,1
Unit,NA,30404110322,30501111108,1
Unit,NA,30404110322,30501111109,1
Unit,NA,30404110322,30503112104,1
Unit,NA,30404110322,30504113210,1
Unit,NA,30404110322,30504113231,1
Unit,NA,30404110323,30404110301,1
Unit,NA,30404110323,30404110331,1
Unit,NA,30404110324,30404110311,1
Unit,NA,30404110331,30202102914,1
Unit,NA,30404110331,30202103131,1
Unit,NA,30404110331,30203103603,1
Unit,NA,30404110331,30403109713,1
Unit,NA,30404110331,30404110120,1
Unit,NA,30404110331,30404110301,1
Unit,NA,30404110331,30404110309,1
Unit,NA,30404110331,30404110323,1
Unit,NA,30404110331,30501110516,1
Unit,NA,30404110331,30501110528,1
Unit,NA,30404110331,30504113201,1
Unit,NA,30404110331,30504113207,1
Unit,NA,30404110333,30404110331,1
Unit,NA,30404110411,30202103225,1
Unit,NA,30404110411,30404110007,1
Unit,NA,30404110416,30404110120,1
Unit,NA,30404110423,30504113208,1
Unit,NA,30501110519,30404109808,1
Unit,NA,30501110519,30501111001,1
Unit,NA,30501110522,30501110519,1
Unit,NA,30501110528,30501110531,1
Unit,NA,30501110530,30501110522,1
Unit,NA,30501110531,30101100420,1
Unit,NA,30501110531,30103101401,1
Unit,NA,30501110531,30304107111,1
Unit,NA,30501110531,30501110534,1
Unit,NA,30501110531,30501110536,1
Unit,NA,30501110531,30501110621,1
Unit,NA,30501110531,30501111014,1
Unit,NA,30501110531,30502111510,1
Unit,NA,30501110531,30502111718,1
Unit,NA,30501110532,30501110618,1
Unit,NA,30501110534,30501110531,1
Unit,NA,30501110536,30103102126,1
Unit,NA,30501110536,30501110531,1
Unit,NA,30501110536,30501111108,1
Unit,NA,30501110536,30503112409,1
Unit,NA,30501110538,30303106032,1
Unit,NA,30501110541,30501110513,1
Unit,NA,30501110541,30503112614,1
Unit,NA,30501110541,30504113714,1
Unit,NA,30501110601,30501110519,1
Unit,NA,30501110610,30501110601,1
Unit,NA,30501110612,30302105315,1
Unit,NA,30501110621,30501111115,1
Unit,NA,30501110623,30502111309,1
Unit,NA,30501110703,30302105408,1
Unit,NA,30501110703,30303106023,1
Unit,NA,30501110703,30303106615,1
Unit,NA,30501110703,30304106711,1
Unit,NA,30501110703,30403109433,1
Unit,NA,30501110703,30501110531,1
Unit,NA,30501110703,30501110621,1
Unit,NA,30501110703,30501111001,1
Unit,NA,30501110703,30501111014,1
Unit,NA,30501110703,30501111204,1
Unit,NA,30501110703,30501111208,1
Unit,NA,30501110703,30503113004,1
Unit,NA,30501110714,30302105802,1
Unit,NA,30501110816,30303106107,1
Unit,NA,30501110908,30101100328,1
Unit,NA,30501110908,30501110619,1
Unit,NA,30501110908,30501110903,1
Unit,NA,30501110908,30503111915,1
Unit,NA,30501110919,30503112409,1
Unit,NA,30501110931,30501110908,1
Unit,NA,30501111001,30101100306,1
Unit,NA,30501111001,30305107327,1
Unit,NA,30501111001,30501110805,1
Unit,NA,30501111001,30501111115,1
Unit,NA,30501111001,30502111503,1
Unit,NA,30501111001,30504113505,1
Unit,NA,30501111013,30501110619,1
Unit,NA,30501111014,30302105217,1
Unit,NA,30501111035,30501111022,1
Unit,NA,30501111037,30404109804,1
Unit,NA,30501111037,30504113419,1
Unit,NA,30501111101,30302105605,1
Unit,NA,30501111103,30501110519,1
Unit,NA,30501111108,30202102830,1
Unit,NA,30501111108,30503111911,1
Unit,NA,30501111109,30502111308,1
Unit,NA,30501111109,30503112843,1
Unit,NA,30501111109,30504113717,1
Unit,NA,30501111110,30503112907,1
Unit,NA,30501111112,30501110519,1
Unit,NA,30501111112,30501110531,1
Unit,NA,30501111112,30501110536,1
Unit,NA,30501111112,30501110607,1
Unit,NA,30501111112,30501111032,1
Unit,NA,30501111112,30501111109,1
Unit,NA,30501111112,30501111115,1
Unit,NA,30501111112,30501111204,1
Unit,NA,30501111112,30504113721,1
Unit,NA,30501111112,30504113731,1
Unit,NA,30501111115,30101100203,1
Unit,NA,30501111115,30302105208,1
Unit,NA,30501111115,30302105928,1
Unit,NA,30501111115,30403109715,1
Unit,NA,30501111115,30501110519,1
Unit,NA,30501111115,30502111308,1
Unit,NA,30501111115,30503112108,1
Unit,NA,30501111115,30503112905,1
Unit,NA,30501111204,30303106324,1
Unit,NA,30501111204,30304106711,1
Unit,NA,30501111204,30501110513,1
Unit,NA,30501111204,30501110519,1
Unit,NA,30501111204,30501110531,1
Unit,NA,30501111204,30501110703,1
Unit,NA,30501111204,30501111013,1
Unit,NA,30501111204,30501111026,1
Unit,NA,30501111204,30501111217,1
Unit,NA,30501111204,30503112614,1
Unit,NA,30501111204,30503112620,1
Unit,NA,30501111206,30501111202,1
Unit,NA,30501111208,30302105408,1
Unit,NA,30502111301,30301104804,1
Unit,NA,30502111301,30301104814,1
Unit,NA,30502111308,30103101701,1
Unit,NA,30502111308,30403109615,1
Unit,NA,30502111308,30501110622,1
Unit,NA,30502111308,30501111109,1
Unit,NA,30502111308,30502111708,1
Unit,NA,30502111310,30203103603,1
Unit,NA,30502111410,30301105102,1
Unit,NA,30502111503,30503112112,1
Unit,NA,30502111503,30503113111,1
Unit,NA,30502111503,30504113230,1
Unit,NA,30502111510,30501110703,1
Unit,NA,30502111510,30502111609,1
Unit,NA,30502111702,30101100437,1
Unit,NA,30502111702,30102101325,1
Unit,NA,30502111702,30103101401,1
Unit,NA,30502111702,30301104802,1
Unit,NA,30502111702,30301104808,1
Unit,NA,30502111702,30301104816,1
Unit,NA,30502111702,30301104817,1
Unit,NA,30502111702,30302105803,1
Unit,NA,30502111702,30303106428,1
Unit,NA,30502111702,30501110531,1
Unit,NA,30502111702,30502111609,1
Unit,NA,30502111702,30502111728,1
Unit,NA,30502111702,30502111729,1
Unit,NA,30502111728,30301104804,1
Unit,NA,30502111729,30301104814,1
Unit,NA,30502111731,30301104814,1
Unit,NA,30502111808,30501111030,1
Unit,NA,30502111808,30502111802,1
Unit,NA,30502111808,30502111810,1
Unit,NA,30502111809,30302105315,1
Unit,NA,30502111810,30502111808,1
Unit,NA,30503111911,30203103603,1
Unit,NA,30503111911,30203103701,1
Unit,NA,30503111911,30501111108,1
Unit,NA,30503111911,30502111609,1
Unit,NA,30503111911,30503111912,1
Unit,NA,30503111911,30503112108,1
Unit,NA,30503111911,30503112206,1
Unit,NA,30503111911,30503112401,1
Unit,NA,30503111911,30503112501,1
Unit,NA,30503112103,30202103011,1
Unit,NA,30503112103,30202103106,1
Unit,NA,30503112103,30302105517,1
Unit,NA,30503112103,30403109615,1
Unit,NA,30503112103,30501110623,1
Unit,NA,30503112103,30501111014,1
Unit,NA,30503112103,30502111503,1
Unit,NA,30503112103,30503111912,1
Unit,NA,30503112103,30503112105,1
Unit,NA,30503112103,30503112108,1
Unit,NA,30503112103,30503112222,1
Unit,NA,30503112103,30503112415,1
Unit,NA,30503112104,30503112501,1
Unit,NA,30503112105,30503112218,1
Unit,NA,30503112108,30501110621,1
Unit,NA,30503112108,30503112103,1
Unit,NA,30503112108,30503112208,1
Unit,NA,30503112108,30503112409,1
Unit,NA,30503112112,30402108716,1
Unit,NA,30503112206,30202102702,1
Unit,NA,30503112206,30501110532,1
Unit,NA,30503112206,30503112217,1
Unit,NA,30503112206,30503112905,1
Unit,NA,30503112206,30503113101,1
Unit,NA,30503112208,30502111503,1
Unit,NA,30503112209,30503113111,1
Unit,NA,30503112217,30501110531,1
Unit,NA,30503112217,30503112501,1
Unit,NA,30503112217,30503113101,1
Unit,NA,30503112217,30503113111,1
Unit,NA,30503112217,30503113115,1
Unit,NA,30503112222,30503112103,1
Unit,NA,30503112223,30503111913,1
Unit,NA,30503112303,30503112904,1
Unit,NA,30503112305,30503112905,1
Unit,NA,30503112401,30503112412,1
Unit,NA,30503112403,30202103011,1
Unit,NA,30503112405,30503111911,1
Unit,NA,30503112409,30501110536,1
Unit,NA,30503112409,30501111115,1
Unit,NA,30503112409,30503112108,1
Unit,NA,30503112415,30503112103,1
Unit,NA,30503112501,30202103411,1
Unit,NA,30503112501,30203104034,1
Unit,NA,30503112501,30302105340,1
Unit,NA,30503112501,30501110531,1
Unit,NA,30503112501,30501110541,1
Unit,NA,30503112501,30501111208,1
Unit,NA,30503112501,30503112104,1
Unit,NA,30503112501,30503112217,1
Unit,NA,30503112501,30503112627,1
Unit,NA,30503112501,30503112843,1
Unit,NA,30503112512,30204104601,1
Unit,NA,30503112603,30202102812,1
Unit,NA,30503112603,30403109615,1
Unit,NA,30503112603,30404110333,1
Unit,NA,30503112603,30503111909,1
Unit,NA,30503112603,30503112620,1
Unit,NA,30503112604,30504113230,1
Unit,NA,30503112606,30503112609,1
Unit,NA,30503112609,30201102416,1
Unit,NA,30503112609,30503112108,1
Unit,NA,30503112609,30503112606,1
Unit,NA,30503112609,30503112613,1
Unit,NA,30503112609,30503112620,1
Unit,NA,30503112609,30504113505,1
Unit,NA,30503112613,30404110301,1
Unit,NA,30503112613,30501110621,1
Unit,NA,30503112613,30503112609,1
Unit,NA,30503112613,30503112614,1
Unit,NA,30503112613,30503112620,1
Unit,NA,30503112613,30503113004,1
Unit,NA,30503112613,30504113503,1
Unit,NA,30503112614,30302105526,1
Unit,NA,30503112616,30203103909,1
Unit,NA,30503112620,30201102519,1
Unit,NA,30503112620,30302105812,1
Unit,NA,30503112620,30303106523,1
Unit,NA,30503112620,30503112603,1
Unit,NA,30503112620,30503112609,1
Unit,NA,30503112620,30503112613,1
Unit,NA,30503112620,30503113122,1
Unit,NA,30503112620,30504113504,1
Unit,NA,30503112702,30202102825,1
Unit,NA,30503112702,30202102829,1
Unit,NA,30503112806,30504113301,1
Unit,NA,30503112830,30503112838,1
Unit,NA,30503112903,30503112904,1
Unit,NA,30503112904,30202102802,1
Unit,NA,30503112904,30202102812,1
Unit,NA,30503112904,30202102820,1
Unit,NA,30503112904,30202102913,1
Unit,NA,30503112904,30203103512,1
Unit,NA,30503112904,30203103815,1
Unit,NA,30503112904,30204104401,1
Unit,NA,30503112904,30304107008,1
Unit,NA,30503112904,30501110541,1
Unit,NA,30503112904,30503112305,1
Unit,NA,30503112904,30503112614,1
Unit,NA,30503112904,30503112706,1
Unit,NA,30503112904,30503112801,1
Unit,NA,30503112904,30503113126,1
Unit,NA,30503112904,30504113609,1
Unit,NA,30503112904,30504113613,1
Unit,NA,30503112905,30201102401,1
Unit,NA,30503112905,30203104026,1
Unit,NA,30503112905,30305107631,1
Unit,NA,30503112905,30501110536,1
Unit,NA,30503112905,30501110621,1
Unit,NA,30503112905,30502111729,1
Unit,NA,30503112905,30503112206,1
Unit,NA,30503112905,30503112305,1
Unit,NA,30503112905,30503112706,1
Unit,NA,30503112905,30503112825,1
Unit,NA,30503112905,30503113004,1
Unit,NA,30503112905,30504113407,1
Unit,NA,30503113006,30302105805,1
Unit,NA,30503113014,30304106801,1
Unit,NA,30503113018,30103101701,1
Unit,NA,30503113101,30103101701,1
Unit,NA,30503113101,30501110531,1
Unit,NA,30503113101,30501110534,1
Unit,NA,30503113101,30501110536,1
Unit,NA,30503113101,30503112206,1
Unit,NA,30503113101,30503112217,1
Unit,NA,30503113101,30503112501,1
Unit,NA,30503113101,30503113122,1
Unit,NA,30503113107,30203103909,1
Unit,NA,30503113107,30501110519,1
Unit,NA,30503113107,30503111913,1
Unit,NA,30503113111,30203104034,1
Unit,NA,30503113111,30503111912,1
Unit,NA,30503113111,30503112208,1
Unit,NA,30503113111,30503112209,1
Unit,NA,30503113111,30503112217,1
Unit,NA,30503113111,30503112223,1
Unit,NA,30503113111,30503112505,1
Unit,NA,30503113111,30503113122,1
Unit,NA,30503113113,30503112843,1
Unit,NA,30503113115,30503113111,1
Unit,NA,30503113122,30202103315,1
Unit,NA,30503113122,30503112217,1
Unit,NA,30503113126,30503112303,1
Unit,NA,30504113201,30504113210,1
Unit,NA,30504113206,30501110519,1
Unit,NA,30504113208,30504113206,1
Unit,NA,30504113208,30504113230,1
Unit,NA,30504113208,30504113419,1
Unit,NA,30504113210,30202103214,1
Unit,NA,30504113210,30404110322,1
Unit,NA,30504113210,30501111014,1
Unit,NA,30504113210,30504113230,1
Unit,NA,30504113214,30402108717,1
Unit,NA,30504113214,30403109610,1
Unit,NA,30504113214,30504113405,1
Unit,NA,30504113225,30305107327,1
Unit,NA,30504113225,30501111105,1
Unit,NA,30504113230,30201102501,1
Unit,NA,30504113230,30203103603,1
Unit,NA,30504113230,30301105129,1
Unit,NA,30504113230,30403109433,1
Unit,NA,30504113230,30501110530,1
Unit,NA,30504113230,30501110535,1
Unit,NA,30504113230,30501110607,1
Unit,NA,30504113230,30501111001,1
Unit,NA,30504113230,30503112604,1
Unit,NA,30504113230,30503112909,1
Unit,NA,30504113230,30504113208,1
Unit,NA,30504113230,30504113210,1
Unit,NA,30504113230,30504113420,1
Unit,NA,30504113230,30504113602,1
Unit,NA,30504113230,30504113714,1
Unit,NA,30504113231,30501110531,1
Unit,NA,30504113303,30503112614,1
Unit,NA,30504113304,30402108805,1
Unit,NA,30504113311,30403109713,1
Unit,NA,30504113405,30202102820,1
Unit,NA,30504113405,30402108705,1
Unit,NA,30504113405,30404109804,1
Unit,NA,30504113405,30501110536,1
Unit,NA,30504113405,30501110537,1
Unit,NA,30504113405,30503112217,1
Unit,NA,30504113405,30504113214,1
Unit,NA,30504113405,30504113218,1
Unit,NA,30504113405,30504113408,1
Unit,NA,30504113405,30504113409,1
Unit,NA,30504113405,30504113517,1
Unit,NA,30504113405,30504113518,1
Unit,NA,30504113407,30504113404,1
Unit,NA,30504113408,30504113405,1
Unit,NA,30504113408,30504113413,1
Unit,NA,30504113409,30504113405,1
Unit,NA,30504113413,30504113405,1
Unit,NA,30504113419,30404109804,1
Unit,NA,30504113419,30504113230,1
Unit,NA,30504113419,30504113507,1
Unit,NA,30504113419,30504113717,1
Unit,NA,30504113420,30501110528,1
Unit,NA,30504113420,30504113208,1
Unit,NA,30504113420,30504113230,1
Unit,NA,30504113507,30501110535,1
Unit,NA,30504113512,30302105815,1
Unit,NA,30504113517,30504113405,1
Unit,NA,30504113523,30101100614,1
Unit,NA,30504113526,30504113505,1
Unit,NA,30504113528,30504113731,1
Unit,NA,30504113602,30503112847,1
Unit,NA,30504113602,30504113230,1
Unit,NA,30504113701,30504113709,1
Unit,NA,30504113707,30403109615,1
Unit,NA,30504113708,30403109615,1
Unit,NA,30504113708,30501110531,1
Unit,NA,30504113708,30501110621,1
Unit,NA,30504113708,30501111001,1
Unit,NA,30504113708,30501111108,1
Unit,NA,30504113708,30503113126,1
Unit,NA,30504113708,30504113707,1
Unit,NA,30504113708,30504113715,1
Unit,NA,30504113709,30403109430,1
Unit,NA,30504113709,30504113701,1
Unit,NA,30504113710,30302105802,1
Unit,NA,30504113710,30403109615,1
Unit,NA,30504113710,30504113309,1
Unit,NA,30504113715,30402109001,1
Unit,NA,30504113715,30403109402,1
Unit,NA,30504113715,30403109418,1
Unit,NA,30504113715,30403109713,1
Unit,NA,30504113717,30201102501,1
Unit,NA,30504113717,30202102830,1
Unit,NA,30504113717,30302105533,1
Unit,NA,30504113717,30403109423,1
Unit,NA,30504113717,30403109430,1
Unit,NA,30504113717,30403109711,1
Unit,NA,30504113717,30501110531,1
Unit,NA,30504113717,30501111109,1
Unit,NA,30504113717,30503112810,1
Unit,NA,30504113717,30504113210,1
Unit,NA,30504113717,30504113303,1
Unit,NA,30504113717,30504113419,1
Unit,NA,30504113717,30504113505,1
Unit,NA,30504113717,30504113526,1
Unit,NA,30504113717,30504113528,1
Unit,NA,30504113721,30501111112,1
Unit,NA,30504113721,30504113730,1
Unit,NA,30504113724,30202102820,1
Unit,NA,30504113730,30504113721,1
Unit,NA,30504113732,30504113731,1
