i_node,j_node,origin_zone,dest_zone,demand,segment_num,cost_minutes,length_metres,edge_type,WKT,od_pair,location_desc
30501110703,342416,30501110703,30503113004,11.07387671,1,0.0,23.9284829,connector,"LINESTRING(153.014462801612 -27.4861640126836,153.0142956 -27.4863202)",30501110703_30503113004,William Jolly Bridge
342416,313489,30501110703,30503113004,11.07387671,2,1.76153967,5.93111,network,"LINESTRING(153.0142956 -27.4863202,153.0142364 -27.4863114)",30501110703_30503113004,William Jolly Bridge
313489,300053,30501110703,30503113004,11.07387671,3,0.101840733,37.71879,network,"LINESTRING(153.0142364 -27.4863114,153.0143015 -27.485976)",30501110703_30503113004,William Jolly Bridge
300053,16091,30501110703,30503113004,11.07387671,4,0.029156112,10.79856,network,"LINESTRING(153.0141931 -27.4859638,153.0143015 -27.485976)",30501110703_30503113004,William Jolly Bridge
16091,16079,30501110703,30503113004,11.07387671,5,0.02188929,7.29643,network,"LINESTRING(153.0142262 -27.4859068,153.0141931 -27.4859638)",30501110703_30503113004,William Jolly Bridge
16079,260527,30501110703,30503113004,11.07387671,6,0.0266634,8.8878,network,"LINESTRING(153.0142262 -27.4859068,153.0141656 -27.4858498)",30501110703_30503113004,William Jolly Bridge
260527,313477,30501110703,30503113004,11.07387671,7,0.011584431,4.29053,network,"LINESTRING(153.0141656 -27.4858498,153.0141804 -27.4858134)",30501110703_30503113004,William Jolly Bridge
313477,313479,30501110703,30503113004,11.07387671,8,0.271643841,100.60883,network,"LINESTRING(153.0141804 -27.4858134,153.0131776 -27.4856956)",30501110703_30503113004,William Jolly Bridge
313479,285195,30501110703,30503113004,11.07387671,9,0.233133066,86.34558,network,"LINESTRING(153.0131776 -27.4856956,153.013313 -27.4849258)",30501110703_30503113004,William Jolly Bridge
285195,306554,30501110703,30503113004,11.07387671,10,0.030105054,11.15002,network,"LINESTRING(153.013313 -27.4849258,153.0133298 -27.4848263)",30501110703_30503113004,William Jolly Bridge
306554,306546,30501110703,30503113004,11.07387671,11,0.017578998,6.51074,network,"LINESTRING(153.0133298 -27.4848263,153.0133428 -27.4847687)",30501110703_30503113004,William Jolly Bridge
306546,16097,30501110703,30503113004,11.07387671,12,0.013035627,4.82801,network,"LINESTRING(153.0133428 -27.4847687,153.013296 -27.4847562)",30501110703_30503113004,William Jolly Bridge
16097,292047,30501110703,30503113004,11.07387671,13,0.011501001,4.25963,network,"LINESTRING(153.013296 -27.4847562,153.0132547 -27.4847452)",30501110703_30503113004,William Jolly Bridge
292047,292044,30501110703,30503113004,11.07387671,14,0.299701809,111.00067,network,"LINESTRING(153.0132547 -27.4847452,153.0121507 -27.484561)",30501110703_30503113004,William Jolly Bridge
292044,16151,30501110703,30503113004,11.07387671,15,0.008543556,3.16428,network,"LINESTRING(153.0121507 -27.484561,153.0121191 -27.4845564)",30501110703_30503113004,William Jolly Bridge
16151,294542,30501110703,30503113004,11.07387671,16,0.009614862,3.56106,network,"LINESTRING(153.0121191 -27.4845564,153.0120835 -27.484552)",30501110703_30503113004,William Jolly Bridge
294542,294547,30501110703,30503113004,11.07387671,17,0.161048655,59.64765,network,"LINESTRING(153.0114876 -27.4844665,153.0120835 -27.484552)",30501110703_30503113004,William Jolly Bridge
294547,16121,30501110703,30503113004,11.07387671,18,0.011054286,4.09418,network,"LINESTRING(153.0114876 -27.4844665,153.0114947 -27.4844301)",30501110703_30503113004,William Jolly Bridge
16121,294551,30501110703,30503113004,11.07387671,19,0.020919492,7.74796,network,"LINESTRING(153.0114947 -27.4844301,153.0115073 -27.4843611)",30501110703_30503113004,William Jolly Bridge
294551,299874,30501110703,30503113004,11.07387671,20,0.103825773,38.45399,network,"LINESTRING(153.0115073 -27.4843611,153.0115671 -27.4840182)",30501110703_30503113004,William Jolly Bridge
299874,299872,30501110703,30503113004,11.07387671,21,0.017296497,6.40611,network,"LINESTRING(153.0115671 -27.4840182,153.0115765 -27.483961)",30501110703_30503113004,William Jolly Bridge
299872,294539,30501110703,30503113004,11.07387671,22,0.042542091,15.75633,network,"LINESTRING(153.0115765 -27.483961,153.011605 -27.4838211)",30501110703_30503113004,William Jolly Bridge
294539,95351,30501110703,30503113004,11.07387671,23,0.008833725,3.27175,network,"LINESTRING(153.0116106 -27.483792,153.011605 -27.4838211)",30501110703_30503113004,William Jolly Bridge
95351,294536,30501110703,30503113004,11.07387671,24,0.008853435,3.27905,network,"LINESTRING(153.0116172 -27.483763,153.0116106 -27.483792)",30501110703_30503113004,William Jolly Bridge
294536,294490,30501110703,30503113004,11.07387671,25,0.140414256,52.00528,network,"LINESTRING(153.0116172 -27.483763,153.0117164 -27.4833021)",30501110703_30503113004,William Jolly Bridge
294490,294530,30501110703,30503113004,11.07387671,26,0.003416688,1.26544,network,"LINESTRING(153.0117164 -27.4833021,153.0117189 -27.4832909)",30501110703_30503113004,William Jolly Bridge
294530,16189,30501110703,30503113004,11.07387671,27,0.014665698,5.43174,network,"LINESTRING(153.0117189 -27.4832909,153.0117276 -27.4832425)",30501110703_30503113004,William Jolly Bridge
16189,294516,30501110703,30503113004,11.07387671,28,0.025849638,9.57394,network,"LINESTRING(153.0117276 -27.4832425,153.011743 -27.4831572)",30501110703_30503113004,William Jolly Bridge
294516,294517,30501110703,30503113004,11.07387671,29,0.002245293,0.83159,network,"LINESTRING(153.011743 -27.4831572,153.0117444 -27.4831498)",30501110703_30503113004,William Jolly Bridge
294517,294523,30501110703,30503113004,11.07387671,30,0.039460554,14.61502,network,"LINESTRING(153.0117444 -27.4831498,153.01177 -27.4830199)",30501110703_30503113004,William Jolly Bridge
294523,259793,30501110703,30503113004,11.07387671,31,0.10152378,37.6014,network,"LINESTRING(153.01177 -27.4830199,153.0118359 -27.4826857)",30501110703_30503113004,William Jolly Bridge
259793,285230,30501110703,30503113004,11.07387671,32,0.044752905,16.57515,network,"LINESTRING(153.0118359 -27.4826857,153.0118631 -27.4825381)",30501110703_30503113004,William Jolly Bridge
285230,294514,30501110703,30503113004,11.07387671,33,0.035202195,13.03785,network,"LINESTRING(153.0118631 -27.4825381,153.0118845 -27.482422)",30501110703_30503113004,William Jolly Bridge
294514,294512,30501110703,30503113004,11.07387671,34,0.025102764,9.29732,network,"LINESTRING(153.0118845 -27.482422,153.0118997 -27.4823392)",30501110703_30503113004,William Jolly Bridge
294512,294513,30501110703,30503113004,11.07387671,35,0.111270213,41.21119,network,"LINESTRING(153.0118997 -27.4823392,153.0119672 -27.4819722)",30501110703_30503113004,William Jolly Bridge
294513,294504,30501110703,30503113004,11.07387671,36,0.161941383,59.97829,network,"LINESTRING(153.0119672 -27.4819722,153.0120722 -27.4814391)",30501110703_30503113004,William Jolly Bridge
294504,294505,30501110703,30503113004,11.07387671,37,0.013133394,4.86422,network,"LINESTRING(153.0120722 -27.4814391,153.0120788 -27.4813956)",30501110703_30503113004,William Jolly Bridge
294505,294482,30501110703,30503113004,11.07387671,38,0.018459765,6.83695,network,"LINESTRING(153.0120788 -27.4813956,153.0120918 -27.481335)",30501110703_30503113004,William Jolly Bridge
294482,287491,30501110703,30503113004,11.07387671,39,0.081761967,30.28221,network,"LINESTRING(153.0120918 -27.481335,153.0121419 -27.4810654)",30501110703_30503113004,William Jolly Bridge
287491,109561,30501110703,30503113004,11.07387671,40,0.036253413,13.42719,network,"LINESTRING(153.0120642 -27.480966,153.0121419 -27.4810654)",30501110703_30503113004,William Jolly Bridge
109561,305494,30501110703,30503113004,11.07387671,41,0.044839467,16.60721,network,"LINESTRING(153.0119513 -27.4808551,153.0120642 -27.480966)",30501110703_30503113004,William Jolly Bridge
305494,305495,30501110703,30503113004,11.07387671,42,0.029514348,10.93124,network,"LINESTRING(153.0119513 -27.4808551,153.0120239 -27.4807841)",30501110703_30503113004,William Jolly Bridge
305495,300499,30501110703,30503113004,11.07387671,43,0.157522401,58.34163,network,"LINESTRING(153.0120239 -27.4807841,153.0121225 -27.480265)",30501110703_30503113004,William Jolly Bridge
300499,305716,30501110703,30503113004,11.07387671,44,0.141501357,52.40791,network,"LINESTRING(153.0121225 -27.480265,153.0122111 -27.4797987)",30501110703_30503113004,William Jolly Bridge
305716,305717,30501110703,30503113004,11.07387671,45,0.026457381,9.79903,network,"LINESTRING(153.0122111 -27.4797987,153.0122269 -27.4797114)",30501110703_30503113004,William Jolly Bridge
305717,305719,30501110703,30503113004,11.07387671,46,0.019700739,7.29657,network,"LINESTRING(153.0122269 -27.4797114,153.0122412 -27.4796468)",30501110703_30503113004,William Jolly Bridge
305719,305702,30501110703,30503113004,11.07387671,47,0.07029018,26.0334,network,"LINESTRING(153.0122412 -27.4796468,153.0122886 -27.4794157)",30501110703_30503113004,William Jolly Bridge
305702,290518,30501110703,30503113004,11.07387671,48,0.038925576,14.41688,network,"LINESTRING(153.0122886 -27.4794157,153.0123141 -27.4792876)",30501110703_30503113004,William Jolly Bridge
290518,290570,30501110703,30503113004,11.07387671,49,0.007080345,2.62235,network,"LINESTRING(153.0123141 -27.4792876,153.0122953 -27.4792709)",30501110703_30503113004,William Jolly Bridge
290570,234594,30501110703,30503113004,11.07387671,50,0.020623842,7.63846,network,"LINESTRING(153.0122953 -27.4792709,153.0123115 -27.4792035)",30501110703_30503113004,William Jolly Bridge
234594,290573,30501110703,30503113004,11.07387671,51,0.018691074,6.92262,network,"LINESTRING(153.0123115 -27.4792035,153.0123261 -27.4791424)",30501110703_30503113004,William Jolly Bridge
290573,305502,30501110703,30503113004,11.07387671,52,0.009145953,3.38739,network,"LINESTRING(153.0123297 -27.479112,153.0123261 -27.4791424)",30501110703_30503113004,William Jolly Bridge
305502,290535,30501110703,30503113004,11.07387671,53,0.078667983,29.13629,network,"LINESTRING(153.0123751 -27.4788522,153.0123297 -27.479112)",30501110703_30503113004,William Jolly Bridge
290535,290534,30501110703,30503113004,11.07387671,54,0.058474845,21.65735,network,"LINESTRING(153.0124189 -27.4786607,153.0123751 -27.4788522)",30501110703_30503113004,William Jolly Bridge
290534,17119,30501110703,30503113004,11.07387671,55,0.012615102,4.67226,network,"LINESTRING(153.0124189 -27.4786607,153.0124251 -27.4786189)",30501110703_30503113004,William Jolly Bridge
17119,290617,30501110703,30503113004,11.07387671,56,0.009626256,3.56528,network,"LINESTRING(153.0124251 -27.4786189,153.0124298 -27.478587)",30501110703_30503113004,William Jolly Bridge
290617,333003,30501110703,30503113004,11.07387671,57,0.139937814,51.82882,network,"LINESTRING(153.0124996 -27.4781238,153.0124298 -27.478587)",30501110703_30503113004,William Jolly Bridge
333003,305507,30501110703,30503113004,11.07387671,58,0.090700155,33.59265,network,"LINESTRING(153.012562 -27.4778258,153.0124996 -27.4781238)",30501110703_30503113004,William Jolly Bridge
305507,305500,30501110703,30503113004,11.07387671,59,0.009698373,3.59199,network,"LINESTRING(153.0125678 -27.4777938,153.012562 -27.4778258)",30501110703_30503113004,William Jolly Bridge
305500,305509,30501110703,30503113004,11.07387671,60,0.002803815,1.03845,network,"LINESTRING(153.0125698 -27.4777846,153.0125678 -27.4777938)",30501110703_30503113004,William Jolly Bridge
305509,290625,30501110703,30503113004,11.07387671,61,0.0592542,21.946,network,"LINESTRING(153.0126128 -27.4775903,153.0125698 -27.4777846)",30501110703_30503113004,William Jolly Bridge
290625,290624,30501110703,30503113004,11.07387671,62,0.076255317,28.24271,network,"LINESTRING(153.0126717 -27.4773409,153.0126128 -27.4775903)",30501110703_30503113004,William Jolly Bridge
290624,290627,30501110703,30503113004,11.07387671,63,0.016821108,6.23004,network,"LINESTRING(153.0126366 -27.4772942,153.0126717 -27.4773409)",30501110703_30503113004,William Jolly Bridge
290627,95623,30501110703,30503113004,11.07387671,64,0.024986205,9.25415,network,"LINESTRING(153.0126366 -27.4772942,153.0126525 -27.4772119)",30501110703_30503113004,William Jolly Bridge
95623,300739,30501110703,30503113004,11.07387671,65,0.020799531,7.70353,network,"LINESTRING(153.0126525 -27.4772119,153.0126658 -27.4771434)",30501110703_30503113004,William Jolly Bridge
300739,300756,30501110703,30503113004,11.07387671,66,0.010863261,4.02343,network,"LINESTRING(153.0126658 -27.4771434,153.0126981 -27.4771213)",30501110703_30503113004,William Jolly Bridge
300756,252843,30501110703,30503113004,11.07387671,67,0.071040915,26.31145,network,"LINESTRING(153.0126981 -27.4771213,153.0127955 -27.4769022)",30501110703_30503113004,William Jolly Bridge
252843,303526,30501110703,30503113004,11.07387671,68,0.024676974,9.13962,network,"LINESTRING(153.0127955 -27.4769022,153.0127541 -27.4768461)",30501110703_30503113004,William Jolly Bridge
303526,303541,30501110703,30503113004,11.07387671,69,0.110789235,41.03305,network,"LINESTRING(153.0127541 -27.4768461,153.0128214 -27.4764807)",30501110703_30503113004,William Jolly Bridge
303541,303543,30501110703,30503113004,11.07387671,70,0.01570401,5.8163,network,"LINESTRING(153.0128214 -27.4764807,153.0128309 -27.4764289)",30501110703_30503113004,William Jolly Bridge
303543,316913,30501110703,30503113004,11.07387671,71,0.00758862,2.8106,network,"LINESTRING(153.0128309 -27.4764289,153.0128357 -27.4764039)",30501110703_30503113004,William Jolly Bridge
316913,316915,30501110703,30503113004,11.07387671,72,0.014809284,5.48492,network,"LINESTRING(153.0128357 -27.4764039,153.0128443 -27.476355)",30501110703_30503113004,William Jolly Bridge
316915,316917,30501110703,30503113004,11.07387671,73,0.008326827,3.08401,network,"LINESTRING(153.0128443 -27.476355,153.0128491 -27.4763275)",30501110703_30503113004,William Jolly Bridge
316917,290623,30501110703,30503113004,11.07387671,74,0.107998731,39.99953,network,"LINESTRING(153.0128491 -27.4763275,153.0129133 -27.4759711)",30501110703_30503113004,William Jolly Bridge
290623,17265,30501110703,30503113004,11.07387671,75,0.01298484,4.8092,network,"LINESTRING(153.0129226 -27.4759285,153.0129133 -27.4759711)",30501110703_30503113004,William Jolly Bridge
17265,290620,30501110703,30503113004,11.07387671,76,0.014088006,5.21778,network,"LINESTRING(153.0129328 -27.4758823,153.0129226 -27.4759285)",30501110703_30503113004,William Jolly Bridge
290620,317866,30501110703,30503113004,11.07387671,77,0.037362735,13.83805,network,"LINESTRING(153.012952 -27.4757586,153.0129328 -27.4758823)",30501110703_30503113004,William Jolly Bridge
317866,317856,30501110703,30503113004,11.07387671,78,0.041533074,15.38262,network,"LINESTRING(153.0129734 -27.4756211,153.012952 -27.4757586)",30501110703_30503113004,William Jolly Bridge
317856,317865,30501110703,30503113004,11.07387671,79,0.019289016,7.14408,network,"LINESTRING(153.0129838 -27.4755573,153.0129734 -27.4756211)",30501110703_30503113004,William Jolly Bridge
317865,290507,30501110703,30503113004,11.07387671,80,0.019025874,7.04662,network,"LINESTRING(153.0129935 -27.4754943,153.0129838 -27.4755573)",30501110703_30503113004,William Jolly Bridge
290507,17261,30501110703,30503113004,11.07387671,81,0.021675519,8.02797,network,"LINESTRING(153.0130029 -27.4754224,153.0129935 -27.4754943)",30501110703_30503113004,William Jolly Bridge
17261,290504,30501110703,30503113004,11.07387671,82,0.023196834,8.59142,network,"LINESTRING(153.0130156 -27.4753458,153.0130029 -27.4754224)",30501110703_30503113004,William Jolly Bridge
290504,321412,30501110703,30503113004,11.07387671,83,0.203024799,75.19437,network,"LINESTRING(153.0130156 -27.4753458,153.0131561 -27.4746816)",30501110703_30503113004,William Jolly Bridge
321412,321413,30501110703,30503113004,11.07387671,84,0.103646169,38.38747,network,"LINESTRING(153.0131561 -27.4746816,153.013222 -27.4743402)",30501110703_30503113004,William Jolly Bridge
321413,321415,30501110703,30503113004,11.07387671,85,0.095194737,35.25731,network,"LINESTRING(153.013222 -27.4743402,153.0132796 -27.4740262)",30501110703_30503113004,William Jolly Bridge
321415,334946,30501110703,30503113004,11.07387671,86,0.204793677,75.84951,network,"LINESTRING(153.0132796 -27.4740262,153.0134036 -27.4733507)",30501110703_30503113004,William Jolly Bridge
334946,334297,30501110703,30503113004,11.07387671,87,0.123661134,45.80042,network,"LINESTRING(153.0134036 -27.4733507,153.0134784 -27.4729428)",30501110703_30503113004,William Jolly Bridge
334297,288140,30501110703,30503113004,11.07387671,88,0.044111358,16.33754,network,"LINESTRING(153.0134784 -27.4729428,153.0135051 -27.4727973)",30501110703_30503113004,William Jolly Bridge
288140,288077,30501110703,30503113004,11.07387671,89,0.122431824,45.34512,network,"LINESTRING(153.0135051 -27.4727973,153.0131634 -27.472527)",30501110703_30503113004,William Jolly Bridge
288077,288075,30501110703,30503113004,11.07387671,90,0.029761398,11.02274,network,"LINESTRING(153.0132348 -27.4724506,153.0131634 -27.472527)",30501110703_30503113004,William Jolly Bridge
288075,328967,30501110703,30503113004,11.07387671,91,0.01655847,5.51949,network,"LINESTRING(153.0132348 -27.4724506,153.0131968 -27.4724141)",30501110703_30503113004,William Jolly Bridge
328967,132025,30501110703,30503113004,11.07387671,92,0.02374353,7.91451,network,"LINESTRING(153.0131968 -27.4724141,153.0131412 -27.4723627)",30501110703_30503113004,William Jolly Bridge
132025,132010,30501110703,30503113004,11.07387671,93,0.13520589,45.06863,network,"LINESTRING(153.0131412 -27.4723627,153.0134508 -27.4720641)",30501110703_30503113004,William Jolly Bridge
132010,132011,30501110703,30503113004,11.07387671,94,0.026427546,14.68197,network,"LINESTRING(153.0134508 -27.4720641,153.01341 -27.4719367)",30501110703_30503113004,William Jolly Bridge
132011,143511,30501110703,30503113004,11.07387671,95,0.055978704,31.09928,network,"LINESTRING(153.0135514 -27.471695,153.01341 -27.4719367)",30501110703_30503113004,William Jolly Bridge
143511,143509,30501110703,30503113004,11.07387671,96,0.03548529,19.71405,network,"LINESTRING(153.0135246 -27.4715189,153.0135514 -27.471695)",30501110703_30503113004,William Jolly Bridge
143509,143508,30501110703,30503113004,11.07387671,97,0.156224736,86.79152,network,"LINESTRING(153.0130383 -27.4708772,153.0135246 -27.4715189)",30501110703_30503113004,William Jolly Bridge
143508,125715,30501110703,30503113004,11.07387671,98,0.032126346,17.84797,network,"LINESTRING(153.012926294966 -27.4707508597842,153.0130383 -27.4708772)",30501110703_30503113004,William Jolly Bridge
125715,120235,30501110703,30503113004,11.07387671,99,0.014405688,8.00316,network,"LINESTRING(153.012991799862 -27.4707084041342,153.012926294966 -27.4707508597842)",30501110703_30503113004,William Jolly Bridge
120235,125699,30501110703,30503113004,11.07387671,100,0.016503984,9.16888,network,"LINESTRING(153.013066846017 -27.4706597645127,153.012991799862 -27.4707084041342)",30501110703_30503113004,William Jolly Bridge
125699,125698,30501110703,30503113004,11.07387671,101,0.011832606,6.57367,network,"LINESTRING(153.013120650728 -27.4706248920967,153.013066846017 -27.4706597645127)",30501110703_30503113004,William Jolly Bridge
125698,125700,30501110703,30503113004,11.07387671,102,0.13915053,77.30585,network,"LINESTRING(153.0138101 -27.4703156,153.013120650728 -27.4706248920967)",30501110703_30503113004,William Jolly Bridge
125700,125706,30501110703,30503113004,11.07387671,103,0.031936878,17.74271,network,"LINESTRING(153.0139719 -27.4702466,153.0138101 -27.4703156)",30501110703_30503113004,William Jolly Bridge
125706,125719,30501110703,30503113004,11.07387671,104,0.321274818,178.48601,network,"LINESTRING(153.015615018418 -27.4696343896472,153.0139719 -27.4702466)",30501110703_30503113004,William Jolly Bridge
125719,146127,30501110703,30503113004,11.07387671,105,0.019947708,7.38804,network,"LINESTRING(153.015615018418 -27.4696343896472,153.015603063448 -27.4695685754575)",30501110703_30503113004,William Jolly Bridge
146127,111217,30501110703,30503113004,11.07387671,106,0.554707386,205.44718,network,"LINESTRING(153.015603063448 -27.4695685754575,153.015270618622 -27.4677384089776)",30501110703_30503113004,William Jolly Bridge
111217,240670,30501110703,30503113004,11.07387671,107,0.07274475,26.9425,network,"LINESTRING(153.015270618622 -27.4677384089776,153.015227021557 -27.4674983995656)",30501110703_30503113004,William Jolly Bridge
240670,204961,30501110703,30503113004,11.07387671,108,0.02315034,8.5742,network,"LINESTRING(153.015227021557 -27.4674983995656,153.015213147189 -27.4674220187636)",30501110703_30503113004,William Jolly Bridge
204961,240642,30501110703,30503113004,11.07387671,109,0.019100448,7.07424,network,"LINESTRING(153.015213147189 -27.4674220187636,153.0152017 -27.467359)",30501110703_30503113004,William Jolly Bridge
240642,205065,30501110703,30503113004,11.07387671,110,0.022603185,8.37155,network,"LINESTRING(153.0152017 -27.467359,153.0151704 -27.4672888)",30501110703_30503113004,William Jolly Bridge
205065,240645,30501110703,30503113004,11.07387671,111,0.017575893,6.50959,network,"LINESTRING(153.0151704 -27.4672888,153.0151461 -27.4672342)",30501110703_30503113004,William Jolly Bridge
240645,58519,30501110703,30503113004,11.07387671,112,0.015608322,5.78086,network,"LINESTRING(153.0151461 -27.4672342,153.0151273 -27.4671848)",30501110703_30503113004,William Jolly Bridge
58519,245097,30501110703,30503113004,11.07387671,113,0.011537829,4.27327,network,"LINESTRING(153.0151273 -27.4671848,153.0151118 -27.4671488)",30501110703_30503113004,William Jolly Bridge
245097,245098,30501110703,30503113004,11.07387671,114,0.202680387,75.06681,network,"LINESTRING(153.0151118 -27.4671488,153.0147152 -27.4665841)",30501110703_30503113004,William Jolly Bridge
245098,245099,30501110703,30503113004,11.07387671,115,0.012259539,4.54057,network,"LINESTRING(153.0147152 -27.4665841,153.014674 -27.4665692)",30501110703_30503113004,William Jolly Bridge
245099,58513,30501110703,30503113004,11.07387671,116,0.01659528,6.1464,network,"LINESTRING(153.014674 -27.4665692,153.014644 -27.4665229)",30501110703_30503113004,William Jolly Bridge
58513,58543,30501110703,30503113004,11.07387671,117,0.031396086,11.62818,network,"LINESTRING(153.014644 -27.4665229,153.0145556 -27.4664567)",30501110703_30503113004,William Jolly Bridge
58543,58522,30501110703,30503113004,11.07387671,118,0.03836685,12.78895,network,"LINESTRING(153.0145556 -27.4664567,153.014566 -27.4663424)",30501110703_30503113004,William Jolly Bridge
58522,245469,30501110703,30503113004,11.07387671,119,0.023185575,5.15235,network,"LINESTRING(153.014566 -27.4663424,153.0145243 -27.4663145)",30501110703_30503113004,William Jolly Bridge
245469,58523,30501110703,30503113004,11.07387671,120,0.007862832,2.91216,network,"LINESTRING(153.0145243 -27.4663145,153.0145515 -27.4663044)",30501110703_30503113004,William Jolly Bridge
58523,245470,30501110703,30503113004,11.07387671,121,0.022210416,8.22608,network,"LINESTRING(153.0145515 -27.4663044,153.0146283 -27.4662758)",30501110703_30503113004,William Jolly Bridge
245470,4198,30501110703,30503113004,11.07387671,122,0.022533525,8.34575,network,"LINESTRING(153.0146266 -27.4662005,153.0146283 -27.4662758)",30501110703_30503113004,William Jolly Bridge
4198,210155,30501110703,30503113004,11.07387671,123,0.024807465,9.18795,network,"LINESTRING(153.0146248 -27.4661176,153.0146266 -27.4662005)",30501110703_30503113004,William Jolly Bridge
210155,245464,30501110703,30503113004,11.07387671,124,0.023700681,8.77803,network,"LINESTRING(153.014623 -27.4660384,153.0146248 -27.4661176)",30501110703_30503113004,William Jolly Bridge
245464,58509,30501110703,30503113004,11.07387671,125,0.094240503,34.90389,network,"LINESTRING(153.014623 -27.4660384,153.0149751 -27.4660144)",30501110703_30503113004,William Jolly Bridge
58509,236606,30501110703,30503113004,11.07387671,126,0.221477922,82.02886,network,"LINESTRING(153.0149751 -27.4660144,153.0157889 -27.4658809)",30501110703_30503113004,William Jolly Bridge
236606,236587,30501110703,30503113004,11.07387671,127,0.034785585,12.88355,network,"LINESTRING(153.0157889 -27.4658809,153.0159156 -27.4658536)",30501110703_30503113004,William Jolly Bridge
236587,236644,30501110703,30503113004,11.07387671,128,0.040108257,14.85491,network,"LINESTRING(153.0159156 -27.4658536,153.0160654 -27.4658428)",30501110703_30503113004,William Jolly Bridge
236644,10817,30501110703,30503113004,11.07387671,129,0.023837625,8.82875,network,"LINESTRING(153.0160654 -27.4658428,153.0160595 -27.4657633)",30501110703_30503113004,William Jolly Bridge
10817,236640,30501110703,30503113004,11.07387671,130,0.084409101,31.26263,network,"LINESTRING(153.0160595 -27.4657633,153.015941 -27.4655158)",30501110703_30503113004,William Jolly Bridge
236640,58501,30501110703,30503113004,11.07387671,131,0.022177935,8.21405,network,"LINESTRING(153.015941 -27.4655158,153.015929219143 -27.4654424232186)",30501110703_30503113004,William Jolly Bridge
58501,236638,30501110703,30503113004,11.07387671,132,0.096538932,35.75516,network,"LINESTRING(153.015929219143 -27.4654424232186,153.015875 -27.4651234)",30501110703_30503113004,William Jolly Bridge
236638,236636,30501110703,30503113004,11.07387671,133,0.023784192,8.80896,network,"LINESTRING(153.015875 -27.4651234,153.0158542 -27.4650461)",30501110703_30503113004,William Jolly Bridge
236636,236637,30501110703,30503113004,11.07387671,134,0.043260858,16.02254,network,"LINESTRING(153.0158542 -27.4650461,153.0158302 -27.4649031)",30501110703_30503113004,William Jolly Bridge
236637,132065,30501110703,30503113004,11.07387671,135,0.248986251,92.21713,network,"LINESTRING(153.0158302 -27.4649031,153.015665 -27.4640842)",30501110703_30503113004,William Jolly Bridge
132065,236721,30501110703,30503113004,11.07387671,136,0.169886916,62.92108,network,"LINESTRING(153.015665 -27.4640842,153.0155413 -27.4635272)",30501110703_30503113004,William Jolly Bridge
236721,10837,30501110703,30503113004,11.07387671,137,1.009038951,373.71813,network,"LINESTRING(153.0155413 -27.4635272,153.014886346789 -27.4602128728087)",30501110703_30503113004,William Jolly Bridge
10837,236725,30501110703,30503113004,11.07387671,138,0.033842745,12.53435,network,"LINESTRING(153.014886346789 -27.4602128728087,153.0149697 -27.4601341)",30501110703_30503113004,William Jolly Bridge
236725,236648,30501110703,30503113004,11.07387671,139,0.004657311,1.72493,network,"LINESTRING(153.0149697 -27.4601341,153.0149863 -27.4601293)",30501110703_30503113004,William Jolly Bridge
236648,51551,30501110703,30503113004,11.07387671,140,0.091546875,33.90625,network,"LINESTRING(153.0149863 -27.4601293,153.015306602098 -27.4602281791868)",30501110703_30503113004,William Jolly Bridge
51551,51555,30501110703,30503113004,11.07387671,141,0.00873936,4.8552,network,"LINESTRING(153.015306602098 -27.4602281791868,153.015300628895 -27.4601846891343)",30501110703_30503113004,William Jolly Bridge
51555,51557,30501110703,30503113004,11.07387671,142,0.010628154,5.90453,network,"LINESTRING(153.015300628895 -27.4601846891343,153.015293425251 -27.460131793271)",30501110703_30503113004,William Jolly Bridge
51557,51546,30501110703,30503113004,11.07387671,143,0.022633056,12.57392,network,"LINESTRING(153.015293425251 -27.460131793271,153.015278084808 -27.4600191494386)",30501110703_30503113004,William Jolly Bridge
51546,51542,30501110703,30503113004,11.07387671,144,0.01275057,7.08365,network,"LINESTRING(153.015278084808 -27.4600191494386,153.015269442603 -27.4599556903208)",30501110703_30503113004,William Jolly Bridge
51542,51505,30501110703,30503113004,11.07387671,145,0.00684963,3.80535,network,"LINESTRING(153.015269442603 -27.4599556903208,153.0152648 -27.4599216)",30501110703_30503113004,William Jolly Bridge
51505,9417,30501110703,30503113004,11.07387671,146,0.089318826,49.62157,network,"LINESTRING(153.0154238 -27.459504,153.0152648 -27.4599216)",30501110703_30503113004,William Jolly Bridge
9417,10813,30501110703,30503113004,11.07387671,147,0.141379074,78.54393,network,"LINESTRING(153.015750889298 -27.4588664486291,153.0154238 -27.459504)",30501110703_30503113004,William Jolly Bridge
10813,33132,30501110703,30503113004,11.07387671,148,0.574442424,319.13468,network,"LINESTRING(153.0187336141 -27.4579736371856,153.015750889298 -27.4588664486291)",30501110703_30503113004,William Jolly Bridge
33132,33143,30501110703,30503113004,11.07387671,149,0.245157624,90.79912,network,"LINESTRING(153.018513141272 -27.4572935236081,153.0187336141 -27.4579736371856)",30501110703_30503113004,William Jolly Bridge
33143,33137,30501110703,30503113004,11.07387671,150,0.029748141,11.01783,network,"LINESTRING(153.018512085711 -27.457194098799,153.018513141272 -27.4572935236081)",30501110703_30503113004,William Jolly Bridge
33137,33136,30501110703,30503113004,11.07387671,151,0.038732121,14.34523,network,"LINESTRING(153.01851071137 -27.4570646475766,153.018512085711 -27.457194098799)",30501110703_30503113004,William Jolly Bridge
33136,33139,30501110703,30503113004,11.07387671,152,0.04911948,18.1924,network,"LINESTRING(153.018534756206 -27.4569023858833,153.01851071137 -27.4570646475766)",30501110703_30503113004,William Jolly Bridge
33139,33135,30501110703,30503113004,11.07387671,153,0.029745414,11.01682,network,"LINESTRING(153.018554141643 -27.4568044812826,153.018534756206 -27.4569023858833)",30501110703_30503113004,William Jolly Bridge
33135,215613,30501110703,30503113004,11.07387671,154,0.026938854,14.96603,network,"LINESTRING(153.0187055 -27.4568013,153.018554141643 -27.4568044812826)",30501110703_30503113004,William Jolly Bridge
215613,156531,30501110703,30503113004,11.07387671,155,0.651658698,362.03261,network,"LINESTRING(153.0220649 -27.4559085,153.0187055 -27.4568013)",30501110703_30503113004,William Jolly Bridge
156531,121314,30501110703,30503113004,11.07387671,156,0.242508564,134.72698,network,"LINESTRING(153.0223775 -27.4547295,153.0220649 -27.4559085)",30501110703_30503113004,William Jolly Bridge
121314,204009,30501110703,30503113004,11.07387671,157,0.565451766,314.13987,network,"LINESTRING(153.0232289 -27.452036,153.0223775 -27.4547295)",30501110703_30503113004,William Jolly Bridge
204009,121291,30501110703,30503113004,11.07387671,158,0.332513604,184.72978,network,"LINESTRING(153.0244559 -27.4508635,153.0232289 -27.452036)",30501110703_30503113004,William Jolly Bridge
121291,204006,30501110703,30503113004,11.07387671,159,0.134111034,74.50613,network,"LINESTRING(153.0251622 -27.4506339,153.0244559 -27.4508635)",30501110703_30503113004,William Jolly Bridge
204006,134704,30501110703,30503113004,11.07387671,160,0.049553352,27.52964,network,"LINESTRING(153.0251622 -27.4506339,153.0254293 -27.4505636)",30501110703_30503113004,William Jolly Bridge
134704,134702,30501110703,30503113004,11.07387671,161,0.022083588,12.26866,network,"LINESTRING(153.0254293 -27.4505636,153.0255487 -27.4505334)",30501110703_30503113004,William Jolly Bridge
134702,94448,30501110703,30503113004,11.07387671,162,0.107391096,59.66172,network,"LINESTRING(153.0255487 -27.4505334,153.0259954 -27.4502198)",30501110703_30503113004,William Jolly Bridge
94448,94426,30501110703,30503113004,11.07387671,163,0.024908886,13.83827,network,"LINESTRING(153.0259954 -27.4502198,153.026112198243 -27.4501589222863)",30501110703_30503113004,William Jolly Bridge
94426,94451,30501110703,30503113004,11.07387671,164,0.015084468,8.38026,network,"LINESTRING(153.026112198243 -27.4501589222863,153.026191763235 -27.4501328258193)",30501110703_30503113004,William Jolly Bridge
94451,94457,30501110703,30503113004,11.07387671,165,0.037705824,20.94768,network,"LINESTRING(153.026191763235 -27.4501328258193,153.0263438 -27.4500157)",30501110703_30503113004,William Jolly Bridge
94457,94459,30501110703,30503113004,11.07387671,166,0.08495109,47.19505,network,"LINESTRING(153.0263438 -27.4500157,153.0260675 -27.4497317)",30501110703_30503113004,William Jolly Bridge
94459,220523,30501110703,30503113004,11.07387671,167,0.028361214,15.75623,network,"LINESTRING(153.0259093 -27.4497144,153.0260675 -27.4497317)",30501110703_30503113004,William Jolly Bridge
220523,94447,30501110703,30503113004,11.07387671,168,0.098259444,54.58858,network,"LINESTRING(153.0253612 -27.4496545,153.0259093 -27.4497144)",30501110703_30503113004,William Jolly Bridge
94447,121893,30501110703,30503113004,11.07387671,169,0.019926135,7.38005,network,"LINESTRING(153.0253612 -27.4496545,153.0253653 -27.449588)",30501110703_30503113004,William Jolly Bridge
121893,314483,30501110703,30503113004,11.07387671,170,0.025668603,9.50689,network,"LINESTRING(153.0253653 -27.449588,153.0253698 -27.4495023)",30501110703_30503113004,William Jolly Bridge
314483,314485,30501110703,30503113004,11.07387671,171,0.006176439,2.28757,network,"LINESTRING(153.0253698 -27.4495023,153.0253556 -27.449486)",30501110703_30503113004,William Jolly Bridge
314485,210445,30501110703,30503113004,11.07387671,172,0.18825669,69.7247,network,"LINESTRING(153.0253556 -27.449486,153.025107936318 -27.4488968441045)",30501110703_30503113004,William Jolly Bridge
210445,314469,30501110703,30503113004,11.07387671,173,0.156842595,58.08985,network,"LINESTRING(153.025107936318 -27.4488968441045,153.0249016 -27.448406)",30501110703_30503113004,William Jolly Bridge
314469,314463,30501110703,30503113004,11.07387671,174,0.024098148,8.92524,network,"LINESTRING(153.0249016 -27.448406,153.0248849 -27.4483276)",30501110703_30503113004,William Jolly Bridge
314463,294423,30501110703,30503113004,11.07387671,175,0.01298133,4.8079,network,"LINESTRING(153.0248373 -27.4483365,153.0248849 -27.4483276)",30501110703_30503113004,William Jolly Bridge
294423,6700,30501110703,30503113004,11.07387671,176,0.02114367,7.04789,network,"LINESTRING(153.0248366 -27.4482729,153.0248373 -27.4483365)",30501110703_30503113004,William Jolly Bridge
6700,6709,30501110703,30503113004,11.07387671,177,0.0102195,3.4065,network,"LINESTRING(153.0248602 -27.4482505,153.0248366 -27.4482729)",30501110703_30503113004,William Jolly Bridge
6709,6707,30501110703,30503113004,11.07387671,178,0.04247406,14.15802,network,"LINESTRING(153.0248518 -27.4481315,153.0248602 -27.4482505)",30501110703_30503113004,William Jolly Bridge
6707,6705,30501110703,30503113004,11.07387671,179,0.02219685,7.39895,network,"LINESTRING(153.0247873 -27.4480996,153.0248518 -27.4481315)",30501110703_30503113004,William Jolly Bridge
6705,209093,30501110703,30503113004,11.07387671,180,0.04010211,13.36737,network,"LINESTRING(153.0246959 -27.4480107,153.0247873 -27.4480996)",30501110703_30503113004,William Jolly Bridge
209093,6669,30501110703,30503113004,11.07387671,181,0.0172614,5.7538,network,"LINESTRING(153.0246566 -27.4479724,153.0246959 -27.4480107)",30501110703_30503113004,William Jolly Bridge
6669,6668,30501110703,30503113004,11.07387671,182,0.12576849,41.92283,network,"LINESTRING(153.0243388 -27.4477339,153.0246566 -27.4479724)",30501110703_30503113004,William Jolly Bridge
6668,6670,30501110703,30503113004,11.07387671,183,0.21859044,72.86348,network,"LINESTRING(153.0239646 -27.4471674,153.0243388 -27.4477339)",30501110703_30503113004,William Jolly Bridge
6670,6677,30501110703,30503113004,11.07387671,184,0.08635158,28.78386,network,"LINESTRING(153.0237098 -27.4470436,153.0239646 -27.4471674)",30501110703_30503113004,William Jolly Bridge
6677,6665,30501110703,30503113004,11.07387671,185,0.41806464,139.35488,network,"LINESTRING(153.0228998 -27.4460284,153.0237098 -27.4470436)",30501110703_30503113004,William Jolly Bridge
6665,6673,30501110703,30503113004,11.07387671,186,0.05258523,17.52841,network,"LINESTRING(153.0229335 -27.4458731,153.0228998 -27.4460284)",30501110703_30503113004,William Jolly Bridge
6673,6667,30501110703,30503113004,11.07387671,187,0.27633705,92.11235,network,"LINESTRING(153.0230843 -27.4450528,153.0229335 -27.4458731)",30501110703_30503113004,William Jolly Bridge
6667,6666,30501110703,30503113004,11.07387671,188,0.02509713,8.36571,network,"LINESTRING(153.0230993 -27.4449785,153.0230843 -27.4450528)",30501110703_30503113004,William Jolly Bridge
6666,121887,30501110703,30503113004,11.07387671,189,0.40007238,133.35746,network,"LINESTRING(153.0230993 -27.4449785,153.0244459 -27.4450493)",30501110703_30503113004,William Jolly Bridge
121887,6697,30501110703,30503113004,11.07387671,190,0.00642627,2.14209,network,"LINESTRING(153.0244459 -27.4450493,153.0244674 -27.4450517)",30501110703_30503113004,William Jolly Bridge
6697,6696,30501110703,30503113004,11.07387671,191,0.1631412,90.634,network,"LINESTRING(153.0246218 -27.4442499,153.0244674 -27.4450517)",30501110703_30503113004,William Jolly Bridge
6696,6698,30501110703,30503113004,11.07387671,192,0.091560258,50.86681,network,"LINESTRING(153.0249168 -27.4438738,153.0246218 -27.4442499)",30501110703_30503113004,William Jolly Bridge
6698,6695,30501110703,30503113004,11.07387671,193,0.005945976,3.30332,network,"LINESTRING(153.0249391 -27.4438516,153.0249168 -27.4438738)",30501110703_30503113004,William Jolly Bridge
6695,23477,30501110703,30503113004,11.07387671,194,0.451016019,167.04297,network,"LINESTRING(153.0249391 -27.4438516,153.0251044 -27.4423528)",30501110703_30503113004,William Jolly Bridge
23477,7097,30501110703,30503113004,11.07387671,195,0.155350134,86.30563,network,"LINESTRING(153.0251044 -27.4423528,153.0259722 -27.4424375)",30501110703_30503113004,William Jolly Bridge
7097,7085,30501110703,30503113004,11.07387671,196,0.17097156,56.99052,network,"LINESTRING(153.0259722 -27.4424375,153.0260975 -27.4419383)",30501110703_30503113004,William Jolly Bridge
7085,7104,30501110703,30503113004,11.07387671,197,0.02958249,9.86083,network,"LINESTRING(153.0260975 -27.4419383,153.0261847 -27.4419815)",30501110703_30503113004,William Jolly Bridge
7104,7105,30501110703,30503113004,11.07387671,198,0.31998057,106.66019,network,"LINESTRING(153.0261847 -27.4419815,153.0266903 -27.4411312)",30501110703_30503113004,William Jolly Bridge
7105,30503113004,30501110703,30503113004,11.07387671,199,0.0,67.54369227,connector,"LINESTRING(153.026459371284 -27.4405575347361,153.0266903 -27.4411312)",30501110703_30503113004,William Jolly Bridge
30501111204,311135,30501111204,30503112614,8.186981689,1,0.0,31.40935558,connector,"LINESTRING(153.008936613354 -27.4796756887874,153.0087793 -27.4794294)",30501111204_30503112614,William Jolly Bridge
311135,311134,30501111204,30503112614,8.186981689,2,0.486401058,180.14854,network,"LINESTRING(153.010575 -27.4796513,153.0087793 -27.4794294)",30501111204_30503112614,William Jolly Bridge
311134,17109,30501111204,30503112614,8.186981689,3,0.030893805,11.44215,network,"LINESTRING(153.010575 -27.4796513,153.0105083 -27.4795669)",30501111204_30503112614,William Jolly Bridge
17109,313873,30501111204,30503112614,8.186981689,4,0.012290724,4.55212,network,"LINESTRING(153.0105083 -27.4795669,153.0104818 -27.4795333)",30501111204_30503112614,William Jolly Bridge
313873,315234,30501111204,30503112614,8.186981689,5,0.15369777,56.9251,network,"LINESTRING(153.010585 -27.4790279,153.0104818 -27.4795333)",30501111204_30503112614,William Jolly Bridge
315234,90314,30501111204,30503112614,8.186981689,6,0.007818147,2.89561,network,"LINESTRING(153.010585 -27.4790279,153.0106138 -27.4790327)",30501111204_30503112614,William Jolly Bridge
90314,311137,30501111204,30503112614,8.186981689,7,0.01183761,4.3843,network,"LINESTRING(153.0106138 -27.4790327,153.0106574 -27.47904)",30501111204_30503112614,William Jolly Bridge
311137,303818,30501111204,30503112614,8.186981689,8,0.24959313,92.4419,network,"LINESTRING(153.0115809 -27.4791724,153.0106574 -27.47904)",30501111204_30503112614,William Jolly Bridge
303818,17112,30501111204,30503112614,8.186981689,9,0.014936994,5.53222,network,"LINESTRING(153.011636 -27.4791812,153.0115809 -27.4791724)",30501111204_30503112614,William Jolly Bridge
17112,300501,30501111204,30503112614,8.186981689,10,0.013087548,4.84724,network,"LINESTRING(153.0116839 -27.4791906,153.011636 -27.4791812)",30501111204_30503112614,William Jolly Bridge
300501,300500,30501111204,30503112614,8.186981689,11,0.15165711,56.1693,network,"LINESTRING(153.0122461 -27.4792649,153.0116839 -27.4791906)",30501111204_30503112614,William Jolly Bridge
300500,290570,30501111204,30503112614,8.186981689,12,0.013250817,4.90771,network,"LINESTRING(153.0122953 -27.4792709,153.0122461 -27.4792649)",30501111204_30503112614,William Jolly Bridge
290570,234594,30501111204,30503112614,8.186981689,13,0.020623842,7.63846,network,"LINESTRING(153.0122953 -27.4792709,153.0123115 -27.4792035)",30501111204_30503112614,William Jolly Bridge
234594,290573,30501111204,30503112614,8.186981689,14,0.018691074,6.92262,network,"LINESTRING(153.0123115 -27.4792035,153.0123261 -27.4791424)",30501111204_30503112614,William Jolly Bridge
290573,305502,30501111204,30503112614,8.186981689,15,0.009145953,3.38739,network,"LINESTRING(153.0123297 -27.479112,153.0123261 -27.4791424)",30501111204_30503112614,William Jolly Bridge
305502,290535,30501111204,30503112614,8.186981689,16,0.078667983,29.13629,network,"LINESTRING(153.0123751 -27.4788522,153.0123297 -27.479112)",30501111204_30503112614,William Jolly Bridge
290535,290534,30501111204,30503112614,8.186981689,17,0.058474845,21.65735,network,"LINESTRING(153.0124189 -27.4786607,153.0123751 -27.4788522)",30501111204_30503112614,William Jolly Bridge
290534,17119,30501111204,30503112614,8.186981689,18,0.012615102,4.67226,network,"LINESTRING(153.0124189 -27.4786607,153.0124251 -27.4786189)",30501111204_30503112614,William Jolly Bridge
17119,290617,30501111204,30503112614,8.186981689,19,0.009626256,3.56528,network,"LINESTRING(153.0124251 -27.4786189,153.0124298 -27.478587)",30501111204_30503112614,William Jolly Bridge
290617,333003,30501111204,30503112614,8.186981689,20,0.139937814,51.82882,network,"LINESTRING(153.0124996 -27.4781238,153.0124298 -27.478587)",30501111204_30503112614,William Jolly Bridge
333003,305507,30501111204,30503112614,8.186981689,21,0.090700155,33.59265,network,"LINESTRING(153.012562 -27.4778258,153.0124996 -27.4781238)",30501111204_30503112614,William Jolly Bridge
305507,305500,30501111204,30503112614,8.186981689,22,0.009698373,3.59199,network,"LINESTRING(153.0125678 -27.4777938,153.012562 -27.4778258)",30501111204_30503112614,William Jolly Bridge
305500,305509,30501111204,30503112614,8.186981689,23,0.002803815,1.03845,network,"LINESTRING(153.0125698 -27.4777846,153.0125678 -27.4777938)",30501111204_30503112614,William Jolly Bridge
305509,290625,30501111204,30503112614,8.186981689,24,0.0592542,21.946,network,"LINESTRING(153.0126128 -27.4775903,153.0125698 -27.4777846)",30501111204_30503112614,William Jolly Bridge
290625,290624,30501111204,30503112614,8.186981689,25,0.076255317,28.24271,network,"LINESTRING(153.0126717 -27.4773409,153.0126128 -27.4775903)",30501111204_30503112614,William Jolly Bridge
290624,290627,30501111204,30503112614,8.186981689,26,0.016821108,6.23004,network,"LINESTRING(153.0126366 -27.4772942,153.0126717 -27.4773409)",30501111204_30503112614,William Jolly Bridge
290627,95623,30501111204,30503112614,8.186981689,27,0.024986205,9.25415,network,"LINESTRING(153.0126366 -27.4772942,153.0126525 -27.4772119)",30501111204_30503112614,William Jolly Bridge
95623,300739,30501111204,30503112614,8.186981689,28,0.020799531,7.70353,network,"LINESTRING(153.0126525 -27.4772119,153.0126658 -27.4771434)",30501111204_30503112614,William Jolly Bridge
300739,300756,30501111204,30503112614,8.186981689,29,0.010863261,4.02343,network,"LINESTRING(153.0126658 -27.4771434,153.0126981 -27.4771213)",30501111204_30503112614,William Jolly Bridge
300756,252843,30501111204,30503112614,8.186981689,30,0.071040915,26.31145,network,"LINESTRING(153.0126981 -27.4771213,153.0127955 -27.4769022)",30501111204_30503112614,William Jolly Bridge
252843,303526,30501111204,30503112614,8.186981689,31,0.024676974,9.13962,network,"LINESTRING(153.0127955 -27.4769022,153.0127541 -27.4768461)",30501111204_30503112614,William Jolly Bridge
303526,303541,30501111204,30503112614,8.186981689,32,0.110789235,41.03305,network,"LINESTRING(153.0127541 -27.4768461,153.0128214 -27.4764807)",30501111204_30503112614,William Jolly Bridge
303541,303543,30501111204,30503112614,8.186981689,33,0.01570401,5.8163,network,"LINESTRING(153.0128214 -27.4764807,153.0128309 -27.4764289)",30501111204_30503112614,William Jolly Bridge
303543,316913,30501111204,30503112614,8.186981689,34,0.00758862,2.8106,network,"LINESTRING(153.0128309 -27.4764289,153.0128357 -27.4764039)",30501111204_30503112614,William Jolly Bridge
316913,316915,30501111204,30503112614,8.186981689,35,0.014809284,5.48492,network,"LINESTRING(153.0128357 -27.4764039,153.0128443 -27.476355)",30501111204_30503112614,William Jolly Bridge
316915,316917,30501111204,30503112614,8.186981689,36,0.008326827,3.08401,network,"LINESTRING(153.0128443 -27.476355,153.0128491 -27.4763275)",30501111204_30503112614,William Jolly Bridge
316917,290623,30501111204,30503112614,8.186981689,37,0.107998731,39.99953,network,"LINESTRING(153.0128491 -27.4763275,153.0129133 -27.4759711)",30501111204_30503112614,William Jolly Bridge
290623,17265,30501111204,30503112614,8.186981689,38,0.01298484,4.8092,network,"LINESTRING(153.0129226 -27.4759285,153.0129133 -27.4759711)",30501111204_30503112614,William Jolly Bridge
17265,290620,30501111204,30503112614,8.186981689,39,0.014088006,5.21778,network,"LINESTRING(153.0129328 -27.4758823,153.0129226 -27.4759285)",30501111204_30503112614,William Jolly Bridge
290620,317866,30501111204,30503112614,8.186981689,40,0.037362735,13.83805,network,"LINESTRING(153.012952 -27.4757586,153.0129328 -27.4758823)",30501111204_30503112614,William Jolly Bridge
317866,317856,30501111204,30503112614,8.186981689,41,0.041533074,15.38262,network,"LINESTRING(153.0129734 -27.4756211,153.012952 -27.4757586)",30501111204_30503112614,William Jolly Bridge
317856,317865,30501111204,30503112614,8.186981689,42,0.019289016,7.14408,network,"LINESTRING(153.0129838 -27.4755573,153.0129734 -27.4756211)",30501111204_30503112614,William Jolly Bridge
317865,290507,30501111204,30503112614,8.186981689,43,0.019025874,7.04662,network,"LINESTRING(153.0129935 -27.4754943,153.0129838 -27.4755573)",30501111204_30503112614,William Jolly Bridge
290507,17261,30501111204,30503112614,8.186981689,44,0.021675519,8.02797,network,"LINESTRING(153.0130029 -27.4754224,153.0129935 -27.4754943)",30501111204_30503112614,William Jolly Bridge
17261,290504,30501111204,30503112614,8.186981689,45,0.023196834,8.59142,network,"LINESTRING(153.0130156 -27.4753458,153.0130029 -27.4754224)",30501111204_30503112614,William Jolly Bridge
290504,321412,30501111204,30503112614,8.186981689,46,0.203024799,75.19437,network,"LINESTRING(153.0130156 -27.4753458,153.0131561 -27.4746816)",30501111204_30503112614,William Jolly Bridge
321412,321413,30501111204,30503112614,8.186981689,47,0.103646169,38.38747,network,"LINESTRING(153.0131561 -27.4746816,153.013222 -27.4743402)",30501111204_30503112614,William Jolly Bridge
321413,321415,30501111204,30503112614,8.186981689,48,0.095194737,35.25731,network,"LINESTRING(153.013222 -27.4743402,153.0132796 -27.4740262)",30501111204_30503112614,William Jolly Bridge
321415,334946,30501111204,30503112614,8.186981689,49,0.204793677,75.84951,network,"LINESTRING(153.0132796 -27.4740262,153.0134036 -27.4733507)",30501111204_30503112614,William Jolly Bridge
334946,334297,30501111204,30503112614,8.186981689,50,0.123661134,45.80042,network,"LINESTRING(153.0134036 -27.4733507,153.0134784 -27.4729428)",30501111204_30503112614,William Jolly Bridge
334297,288140,30501111204,30503112614,8.186981689,51,0.044111358,16.33754,network,"LINESTRING(153.0134784 -27.4729428,153.0135051 -27.4727973)",30501111204_30503112614,William Jolly Bridge
288140,288077,30501111204,30503112614,8.186981689,52,0.122431824,45.34512,network,"LINESTRING(153.0135051 -27.4727973,153.0131634 -27.472527)",30501111204_30503112614,William Jolly Bridge
288077,288075,30501111204,30503112614,8.186981689,53,0.029761398,11.02274,network,"LINESTRING(153.0132348 -27.4724506,153.0131634 -27.472527)",30501111204_30503112614,William Jolly Bridge
288075,328967,30501111204,30503112614,8.186981689,54,0.01655847,5.51949,network,"LINESTRING(153.0132348 -27.4724506,153.0131968 -27.4724141)",30501111204_30503112614,William Jolly Bridge
328967,132025,30501111204,30503112614,8.186981689,55,0.02374353,7.91451,network,"LINESTRING(153.0131968 -27.4724141,153.0131412 -27.4723627)",30501111204_30503112614,William Jolly Bridge
132025,132010,30501111204,30503112614,8.186981689,56,0.13520589,45.06863,network,"LINESTRING(153.0131412 -27.4723627,153.0134508 -27.4720641)",30501111204_30503112614,William Jolly Bridge
132010,132011,30501111204,30503112614,8.186981689,57,0.026427546,14.68197,network,"LINESTRING(153.0134508 -27.4720641,153.01341 -27.4719367)",30501111204_30503112614,William Jolly Bridge
132011,143511,30501111204,30503112614,8.186981689,58,0.055978704,31.09928,network,"LINESTRING(153.0135514 -27.471695,153.01341 -27.4719367)",30501111204_30503112614,William Jolly Bridge
143511,143509,30501111204,30503112614,8.186981689,59,0.03548529,19.71405,network,"LINESTRING(153.0135246 -27.4715189,153.0135514 -27.471695)",30501111204_30503112614,William Jolly Bridge
143509,143508,30501111204,30503112614,8.186981689,60,0.156224736,86.79152,network,"LINESTRING(153.0130383 -27.4708772,153.0135246 -27.4715189)",30501111204_30503112614,William Jolly Bridge
143508,125715,30501111204,30503112614,8.186981689,61,0.032126346,17.84797,network,"LINESTRING(153.012926294966 -27.4707508597842,153.0130383 -27.4708772)",30501111204_30503112614,William Jolly Bridge
125715,120235,30501111204,30503112614,8.186981689,62,0.014405688,8.00316,network,"LINESTRING(153.012991799862 -27.4707084041342,153.012926294966 -27.4707508597842)",30501111204_30503112614,William Jolly Bridge
120235,125699,30501111204,30503112614,8.186981689,63,0.016503984,9.16888,network,"LINESTRING(153.013066846017 -27.4706597645127,153.012991799862 -27.4707084041342)",30501111204_30503112614,William Jolly Bridge
125699,125698,30501111204,30503112614,8.186981689,64,0.011832606,6.57367,network,"LINESTRING(153.013120650728 -27.4706248920967,153.013066846017 -27.4706597645127)",30501111204_30503112614,William Jolly Bridge
125698,125700,30501111204,30503112614,8.186981689,65,0.13915053,77.30585,network,"LINESTRING(153.0138101 -27.4703156,153.013120650728 -27.4706248920967)",30501111204_30503112614,William Jolly Bridge
125700,125706,30501111204,30503112614,8.186981689,66,0.031936878,17.74271,network,"LINESTRING(153.0139719 -27.4702466,153.0138101 -27.4703156)",30501111204_30503112614,William Jolly Bridge
125706,125719,30501111204,30503112614,8.186981689,67,0.321274818,178.48601,network,"LINESTRING(153.015615018418 -27.4696343896472,153.0139719 -27.4702466)",30501111204_30503112614,William Jolly Bridge
125719,146127,30501111204,30503112614,8.186981689,68,0.019947708,7.38804,network,"LINESTRING(153.015615018418 -27.4696343896472,153.015603063448 -27.4695685754575)",30501111204_30503112614,William Jolly Bridge
146127,111217,30501111204,30503112614,8.186981689,69,0.554707386,205.44718,network,"LINESTRING(153.015603063448 -27.4695685754575,153.015270618622 -27.4677384089776)",30501111204_30503112614,William Jolly Bridge
111217,240670,30501111204,30503112614,8.186981689,70,0.07274475,26.9425,network,"LINESTRING(153.015270618622 -27.4677384089776,153.015227021557 -27.4674983995656)",30501111204_30503112614,William Jolly Bridge
240670,204961,30501111204,30503112614,8.186981689,71,0.02315034,8.5742,network,"LINESTRING(153.015227021557 -27.4674983995656,153.015213147189 -27.4674220187636)",30501111204_30503112614,William Jolly Bridge
204961,240642,30501111204,30503112614,8.186981689,72,0.019100448,7.07424,network,"LINESTRING(153.015213147189 -27.4674220187636,153.0152017 -27.467359)",30501111204_30503112614,William Jolly Bridge
240642,205065,30501111204,30503112614,8.186981689,73,0.022603185,8.37155,network,"LINESTRING(153.0152017 -27.467359,153.0151704 -27.4672888)",30501111204_30503112614,William Jolly Bridge
205065,240645,30501111204,30503112614,8.186981689,74,0.017575893,6.50959,network,"LINESTRING(153.0151704 -27.4672888,153.0151461 -27.4672342)",30501111204_30503112614,William Jolly Bridge
240645,58519,30501111204,30503112614,8.186981689,75,0.015608322,5.78086,network,"LINESTRING(153.0151461 -27.4672342,153.0151273 -27.4671848)",30501111204_30503112614,William Jolly Bridge
58519,245097,30501111204,30503112614,8.186981689,76,0.011537829,4.27327,network,"LINESTRING(153.0151273 -27.4671848,153.0151118 -27.4671488)",30501111204_30503112614,William Jolly Bridge
245097,245098,30501111204,30503112614,8.186981689,77,0.202680387,75.06681,network,"LINESTRING(153.0151118 -27.4671488,153.0147152 -27.4665841)",30501111204_30503112614,William Jolly Bridge
245098,245099,30501111204,30503112614,8.186981689,78,0.012259539,4.54057,network,"LINESTRING(153.0147152 -27.4665841,153.014674 -27.4665692)",30501111204_30503112614,William Jolly Bridge
245099,58513,30501111204,30503112614,8.186981689,79,0.01659528,6.1464,network,"LINESTRING(153.014674 -27.4665692,153.014644 -27.4665229)",30501111204_30503112614,William Jolly Bridge
58513,58543,30501111204,30503112614,8.186981689,80,0.031396086,11.62818,network,"LINESTRING(153.014644 -27.4665229,153.0145556 -27.4664567)",30501111204_30503112614,William Jolly Bridge
58543,58522,30501111204,30503112614,8.186981689,81,0.03836685,12.78895,network,"LINESTRING(153.0145556 -27.4664567,153.014566 -27.4663424)",30501111204_30503112614,William Jolly Bridge
58522,245469,30501111204,30503112614,8.186981689,82,0.023185575,5.15235,network,"LINESTRING(153.014566 -27.4663424,153.0145243 -27.4663145)",30501111204_30503112614,William Jolly Bridge
245469,58523,30501111204,30503112614,8.186981689,83,0.007862832,2.91216,network,"LINESTRING(153.0145243 -27.4663145,153.0145515 -27.4663044)",30501111204_30503112614,William Jolly Bridge
58523,245470,30501111204,30503112614,8.186981689,84,0.022210416,8.22608,network,"LINESTRING(153.0145515 -27.4663044,153.0146283 -27.4662758)",30501111204_30503112614,William Jolly Bridge
245470,4198,30501111204,30503112614,8.186981689,85,0.022533525,8.34575,network,"LINESTRING(153.0146266 -27.4662005,153.0146283 -27.4662758)",30501111204_30503112614,William Jolly Bridge
4198,210155,30501111204,30503112614,8.186981689,86,0.024807465,9.18795,network,"LINESTRING(153.0146248 -27.4661176,153.0146266 -27.4662005)",30501111204_30503112614,William Jolly Bridge
210155,245464,30501111204,30503112614,8.186981689,87,0.023700681,8.77803,network,"LINESTRING(153.014623 -27.4660384,153.0146248 -27.4661176)",30501111204_30503112614,William Jolly Bridge
245464,58509,30501111204,30503112614,8.186981689,88,0.094240503,34.90389,network,"LINESTRING(153.014623 -27.4660384,153.0149751 -27.4660144)",30501111204_30503112614,William Jolly Bridge
58509,236606,30501111204,30503112614,8.186981689,89,0.221477922,82.02886,network,"LINESTRING(153.0149751 -27.4660144,153.0157889 -27.4658809)",30501111204_30503112614,William Jolly Bridge
236606,236587,30501111204,30503112614,8.186981689,90,0.034785585,12.88355,network,"LINESTRING(153.0157889 -27.4658809,153.0159156 -27.4658536)",30501111204_30503112614,William Jolly Bridge
236587,236644,30501111204,30503112614,8.186981689,91,0.040108257,14.85491,network,"LINESTRING(153.0159156 -27.4658536,153.0160654 -27.4658428)",30501111204_30503112614,William Jolly Bridge
236644,10817,30501111204,30503112614,8.186981689,92,0.023837625,8.82875,network,"LINESTRING(153.0160654 -27.4658428,153.0160595 -27.4657633)",30501111204_30503112614,William Jolly Bridge
10817,236640,30501111204,30503112614,8.186981689,93,0.084409101,31.26263,network,"LINESTRING(153.0160595 -27.4657633,153.015941 -27.4655158)",30501111204_30503112614,William Jolly Bridge
236640,58501,30501111204,30503112614,8.186981689,94,0.022177935,8.21405,network,"LINESTRING(153.015941 -27.4655158,153.015929219143 -27.4654424232186)",30501111204_30503112614,William Jolly Bridge
58501,236638,30501111204,30503112614,8.186981689,95,0.096538932,35.75516,network,"LINESTRING(153.015929219143 -27.4654424232186,153.015875 -27.4651234)",30501111204_30503112614,William Jolly Bridge
236638,236636,30501111204,30503112614,8.186981689,96,0.023784192,8.80896,network,"LINESTRING(153.015875 -27.4651234,153.0158542 -27.4650461)",30501111204_30503112614,William Jolly Bridge
236636,236637,30501111204,30503112614,8.186981689,97,0.043260858,16.02254,network,"LINESTRING(153.0158542 -27.4650461,153.0158302 -27.4649031)",30501111204_30503112614,William Jolly Bridge
236637,132065,30501111204,30503112614,8.186981689,98,0.248986251,92.21713,network,"LINESTRING(153.0158302 -27.4649031,153.015665 -27.4640842)",30501111204_30503112614,William Jolly Bridge
132065,236721,30501111204,30503112614,8.186981689,99,0.169886916,62.92108,network,"LINESTRING(153.015665 -27.4640842,153.0155413 -27.4635272)",30501111204_30503112614,William Jolly Bridge
236721,10837,30501111204,30503112614,8.186981689,100,1.009038951,373.71813,network,"LINESTRING(153.0155413 -27.4635272,153.014886346789 -27.4602128728087)",30501111204_30503112614,William Jolly Bridge
10837,236725,30501111204,30503112614,8.186981689,101,0.033842745,12.53435,network,"LINESTRING(153.014886346789 -27.4602128728087,153.0149697 -27.4601341)",30501111204_30503112614,William Jolly Bridge
236725,236648,30501111204,30503112614,8.186981689,102,0.004657311,1.72493,network,"LINESTRING(153.0149697 -27.4601341,153.0149863 -27.4601293)",30501111204_30503112614,William Jolly Bridge
236648,51551,30501111204,30503112614,8.186981689,103,0.091546875,33.90625,network,"LINESTRING(153.0149863 -27.4601293,153.015306602098 -27.4602281791868)",30501111204_30503112614,William Jolly Bridge
51551,51555,30501111204,30503112614,8.186981689,104,0.00873936,4.8552,network,"LINESTRING(153.015306602098 -27.4602281791868,153.015300628895 -27.4601846891343)",30501111204_30503112614,William Jolly Bridge
51555,51557,30501111204,30503112614,8.186981689,105,0.010628154,5.90453,network,"LINESTRING(153.015300628895 -27.4601846891343,153.015293425251 -27.460131793271)",30501111204_30503112614,William Jolly Bridge
51557,51546,30501111204,30503112614,8.186981689,106,0.022633056,12.57392,network,"LINESTRING(153.015293425251 -27.460131793271,153.015278084808 -27.4600191494386)",30501111204_30503112614,William Jolly Bridge
51546,51542,30501111204,30503112614,8.186981689,107,0.01275057,7.08365,network,"LINESTRING(153.015278084808 -27.4600191494386,153.015269442603 -27.4599556903208)",30501111204_30503112614,William Jolly Bridge
51542,51505,30501111204,30503112614,8.186981689,108,0.00684963,3.80535,network,"LINESTRING(153.015269442603 -27.4599556903208,153.0152648 -27.4599216)",30501111204_30503112614,William Jolly Bridge
51505,9417,30501111204,30503112614,8.186981689,109,0.089318826,49.62157,network,"LINESTRING(153.0154238 -27.459504,153.0152648 -27.4599216)",30501111204_30503112614,William Jolly Bridge
9417,10813,30501111204,30503112614,8.186981689,110,0.141379074,78.54393,network,"LINESTRING(153.015750889298 -27.4588664486291,153.0154238 -27.459504)",30501111204_30503112614,William Jolly Bridge
10813,33132,30501111204,30503112614,8.186981689,111,0.574442424,319.13468,network,"LINESTRING(153.0187336141 -27.4579736371856,153.015750889298 -27.4588664486291)",30501111204_30503112614,William Jolly Bridge
33132,33143,30501111204,30503112614,8.186981689,112,0.245157624,90.79912,network,"LINESTRING(153.018513141272 -27.4572935236081,153.0187336141 -27.4579736371856)",30501111204_30503112614,William Jolly Bridge
33143,33137,30501111204,30503112614,8.186981689,113,0.029748141,11.01783,network,"LINESTRING(153.018512085711 -27.457194098799,153.018513141272 -27.4572935236081)",30501111204_30503112614,William Jolly Bridge
33137,33136,30501111204,30503112614,8.186981689,114,0.038732121,14.34523,network,"LINESTRING(153.01851071137 -27.4570646475766,153.018512085711 -27.457194098799)",30501111204_30503112614,William Jolly Bridge
33136,33139,30501111204,30503112614,8.186981689,115,0.04911948,18.1924,network,"LINESTRING(153.018534756206 -27.4569023858833,153.01851071137 -27.4570646475766)",30501111204_30503112614,William Jolly Bridge
33139,33135,30501111204,30503112614,8.186981689,116,0.029745414,11.01682,network,"LINESTRING(153.018554141643 -27.4568044812826,153.018534756206 -27.4569023858833)",30501111204_30503112614,William Jolly Bridge
33135,215613,30501111204,30503112614,8.186981689,117,0.026938854,14.96603,network,"LINESTRING(153.0187055 -27.4568013,153.018554141643 -27.4568044812826)",30501111204_30503112614,William Jolly Bridge
215613,156531,30501111204,30503112614,8.186981689,118,0.651658698,362.03261,network,"LINESTRING(153.0220649 -27.4559085,153.0187055 -27.4568013)",30501111204_30503112614,William Jolly Bridge
156531,121314,30501111204,30503112614,8.186981689,119,0.242508564,134.72698,network,"LINESTRING(153.0223775 -27.4547295,153.0220649 -27.4559085)",30501111204_30503112614,William Jolly Bridge
121314,204009,30501111204,30503112614,8.186981689,120,0.565451766,314.13987,network,"LINESTRING(153.0232289 -27.452036,153.0223775 -27.4547295)",30501111204_30503112614,William Jolly Bridge
204009,121291,30501111204,30503112614,8.186981689,121,0.332513604,184.72978,network,"LINESTRING(153.0244559 -27.4508635,153.0232289 -27.452036)",30501111204_30503112614,William Jolly Bridge
121291,204006,30501111204,30503112614,8.186981689,122,0.134111034,74.50613,network,"LINESTRING(153.0251622 -27.4506339,153.0244559 -27.4508635)",30501111204_30503112614,William Jolly Bridge
204006,94431,30501111204,30503112614,8.186981689,123,0.158895432,88.27524,network,"LINESTRING(153.0260207 -27.4504905,153.0251622 -27.4506339)",30501111204_30503112614,William Jolly Bridge
94431,219333,30501111204,30503112614,8.186981689,124,0.036077202,20.04289,network,"LINESTRING(153.0261865 -27.4504913,153.0260207 -27.4504905)",30501111204_30503112614,William Jolly Bridge
219333,121293,30501111204,30503112614,8.186981689,125,0.013785048,7.65836,network,"LINESTRING(153.0262186 -27.4505542,153.0261865 -27.4504913)",30501111204_30503112614,William Jolly Bridge
121293,121292,30501111204,30503112614,8.186981689,126,0.036279072,20.15504,network,"LINESTRING(153.026416 -27.4505087,153.0262186 -27.4505542)",30501111204_30503112614,William Jolly Bridge
121292,6822,30501111204,30503112614,8.186981689,127,0.19140561,106.33645,network,"LINESTRING(153.0274749 -27.4503755,153.026416 -27.4505087)",30501111204_30503112614,William Jolly Bridge
6822,58457,30501111204,30503112614,8.186981689,128,0.012541446,6.96747,network,"LINESTRING(153.0275452 -27.450371,153.0274749 -27.4503755)",30501111204_30503112614,William Jolly Bridge
58457,121296,30501111204,30503112614,8.186981689,129,0.099768744,55.42708,network,"LINESTRING(153.0281037 -27.4503359,153.0275452 -27.450371)",30501111204_30503112614,William Jolly Bridge
121296,215561,30501111204,30503112614,8.186981689,130,0.0299097,16.6165,network,"LINESTRING(153.0281037 -27.4503359,153.0282666 -27.4503004)",30501111204_30503112614,William Jolly Bridge
215561,164065,30501111204,30503112614,8.186981689,131,0.02288421,12.71345,network,"LINESTRING(153.028288541608 -27.4504134491482,153.0282666 -27.4503004)",30501111204_30503112614,William Jolly Bridge
164065,219326,30501111204,30503112614,8.186981689,132,0.023006016,12.78112,network,"LINESTRING(153.0283106 -27.4505271,153.028288541608 -27.4504134491482)",30501111204_30503112614,William Jolly Bridge
219326,296558,30501111204,30503112614,8.186981689,133,0.06610662,36.7259,network,"LINESTRING(153.0283106 -27.4505271,153.0286436 -27.4506224)",30501111204_30503112614,William Jolly Bridge
296558,6759,30501111204,30503112614,8.186981689,134,0.012190896,6.77272,network,"LINESTRING(153.0286436 -27.4506224,153.028708269648 -27.4506392405428)",30501111204_30503112614,William Jolly Bridge
6759,58463,30501111204,30503112614,8.186981689,135,0.006383556,3.54642,network,"LINESTRING(153.028708269648 -27.4506392405428,153.028743234793 -27.4506330006202)",30501111204_30503112614,William Jolly Bridge
58463,6763,30501111204,30503112614,8.186981689,136,0.008974494,4.98583,network,"LINESTRING(153.028743234793 -27.4506330006202,153.028786047889 -27.4506099232028)",30501111204_30503112614,William Jolly Bridge
6763,58473,30501111204,30503112614,8.186981689,137,0.0151758,8.431,network,"LINESTRING(153.028786047889 -27.4506099232028,153.028850518412 -27.4505601148721)",30501111204_30503112614,William Jolly Bridge
58473,156544,30501111204,30503112614,8.186981689,138,0.025323768,14.06876,network,"LINESTRING(153.028850518412 -27.4505601148721,153.0289581 -27.450477)",30501111204_30503112614,William Jolly Bridge
156544,156545,30501111204,30503112614,8.186981689,139,0.168398694,93.55483,network,"LINESTRING(153.0289581 -27.450477,153.0291926 -27.4497053)",30501111204_30503112614,William Jolly Bridge
156545,215538,30501111204,30503112614,8.186981689,140,0.02614962,8.71654,network,"LINESTRING(153.0291069 -27.4496868,153.0291926 -27.4497053)",30501111204_30503112614,William Jolly Bridge
215538,215541,30501111204,30503112614,8.186981689,141,0.020707596,7.66948,network,"LINESTRING(153.0291581 -27.4496348,153.0291069 -27.4496868)",30501111204_30503112614,William Jolly Bridge
215541,215550,30501111204,30503112614,8.186981689,142,0.140798196,52.14748,network,"LINESTRING(153.0291915 -27.4491758,153.0291581 -27.4496348)",30501111204_30503112614,William Jolly Bridge
215550,292188,30501111204,30503112614,8.186981689,143,0.125596413,46.51719,network,"LINESTRING(153.0292925 -27.4487658,153.0291915 -27.4491758)",30501111204_30503112614,William Jolly Bridge
292188,215554,30501111204,30503112614,8.186981689,144,0.137066013,50.76519,network,"LINESTRING(153.0293676 -27.4483126,153.0292925 -27.4487658)",30501111204_30503112614,William Jolly Bridge
215554,292170,30501111204,30503112614,8.186981689,145,0.084397005,31.25815,network,"LINESTRING(153.0294085 -27.4480333,153.0293676 -27.4483126)",30501111204_30503112614,William Jolly Bridge
292170,292171,30501111204,30503112614,8.186981689,146,0.009522819,3.52697,network,"LINESTRING(153.0294085 -27.4480333,153.0294297 -27.4480077)",30501111204_30503112614,William Jolly Bridge
292171,262731,30501111204,30503112614,8.186981689,147,0.024030972,8.90036,network,"LINESTRING(153.0294389 -27.4479278,153.0294297 -27.4480077)",30501111204_30503112614,William Jolly Bridge
262731,255477,30501111204,30503112614,8.186981689,148,0.022417722,8.30286,network,"LINESTRING(153.0293551 -27.4479328,153.0294389 -27.4479278)",30501111204_30503112614,William Jolly Bridge
255477,255473,30501111204,30503112614,8.186981689,149,0.027444582,10.16466,network,"LINESTRING(153.0292525 -27.4479388,153.0293551 -27.4479328)",30501111204_30503112614,William Jolly Bridge
255473,262726,30501111204,30503112614,8.186981689,150,0.022952349,8.50087,network,"LINESTRING(153.0291667 -27.4479439,153.0292525 -27.4479388)",30501111204_30503112614,William Jolly Bridge
262726,6965,30501111204,30503112614,8.186981689,151,0.029533302,10.93826,network,"LINESTRING(153.0291817 -27.4478461,153.0291667 -27.4479439)",30501111204_30503112614,William Jolly Bridge
6965,337540,30501111204,30503112614,8.186981689,152,0.014977764,5.54732,network,"LINESTRING(153.0291893 -27.4477965,153.0291817 -27.4478461)",30501111204_30503112614,William Jolly Bridge
337540,271545,30501111204,30503112614,8.186981689,153,0.017064837,6.32031,network,"LINESTRING(153.0291893 -27.4477965,153.029211657778 -27.4477440173716)",30501111204_30503112614,William Jolly Bridge
271545,271570,30501111204,30503112614,8.186981689,154,0.003159567,1.17021,network,"LINESTRING(153.029211657778 -27.4477440173716,153.0292136 -27.4477336)",30501111204_30503112614,William Jolly Bridge
271570,271548,30501111204,30503112614,8.186981689,155,0.079682751,29.51213,network,"LINESTRING(153.0292136 -27.4477336,153.029258843158 -27.4474703469178)",30501111204_30503112614,William Jolly Bridge
271548,226070,30501111204,30503112614,8.186981689,156,0.028103355,10.40865,network,"LINESTRING(153.029258843158 -27.4474703469178,153.0292748 -27.4473775)",30501111204_30503112614,William Jolly Bridge
226070,226071,30501111204,30503112614,8.186981689,157,0.004577823,1.69549,network,"LINESTRING(153.0292748 -27.4473775,153.0292578 -27.4473756)",30501111204_30503112614,William Jolly Bridge
226071,226068,30501111204,30503112614,8.186981689,158,0.003232791,1.19733,network,"LINESTRING(153.0292578 -27.4473756,153.029245807035 -27.4473740921939)",30501111204_30503112614,William Jolly Bridge
226068,226069,30501111204,30503112614,8.186981689,159,0.043292745,16.03435,network,"LINESTRING(153.029245807035 -27.4473740921939,153.0290852 -27.4473539)",30501111204_30503112614,William Jolly Bridge
226069,227203,30501111204,30503112614,8.186981689,160,0.098248005,36.38815,network,"LINESTRING(153.0290852 -27.4473539,153.029135752863 -27.4470286303115)",30501111204_30503112614,William Jolly Bridge
227203,226051,30501111204,30503112614,8.186981689,161,0.19206315,71.1345,network,"LINESTRING(153.029135752863 -27.4470286303115,153.0291975 -27.446396)",30501111204_30503112614,William Jolly Bridge
226051,226024,30501111204,30503112614,8.186981689,162,0.044445051,16.46113,network,"LINESTRING(153.0291975 -27.446396,153.0291577 -27.446252)",30501111204_30503112614,William Jolly Bridge
226024,335015,30501111204,30503112614,8.186981689,163,0.134761428,49.91164,network,"LINESTRING(153.0291577 -27.446252,153.0286714 -27.4461591)",30501111204_30503112614,William Jolly Bridge
335015,226064,30501111204,30503112614,8.186981689,164,0.055170234,20.43342,network,"LINESTRING(153.0286714 -27.4461591,153.0286409 -27.4460024)",30501111204_30503112614,William Jolly Bridge
226064,262713,30501111204,30503112614,8.186981689,165,0.012492549,4.62687,network,"LINESTRING(153.0285946 -27.4459963,153.0286409 -27.4460024)",30501111204_30503112614,William Jolly Bridge
262713,262711,30501111204,30503112614,8.186981689,166,0.022613337,8.37531,network,"LINESTRING(153.0285108 -27.4459852,153.0285946 -27.4459963)",30501111204_30503112614,William Jolly Bridge
262711,225905,30501111204,30503112614,8.186981689,167,0.013975497,5.17611,network,"LINESTRING(153.028459 -27.4459784,153.0285108 -27.4459852)",30501111204_30503112614,William Jolly Bridge
225905,225903,30501111204,30503112614,8.186981689,168,0.050073336,18.54568,network,"LINESTRING(153.0283277 -27.4459158,153.028459 -27.4459784)",30501111204_30503112614,William Jolly Bridge
225903,225901,30501111204,30503112614,8.186981689,169,0.02406348,8.9124,network,"LINESTRING(153.028337 -27.4458358,153.0283277 -27.4459158)",30501111204_30503112614,William Jolly Bridge
225901,338261,30501111204,30503112614,8.186981689,170,0.213594219,79.10897,network,"LINESTRING(153.0275469 -27.4457419,153.028337 -27.4458358)",30501111204_30503112614,William Jolly Bridge
338261,338053,30501111204,30503112614,8.186981689,171,0.018584964,6.88332,network,"LINESTRING(153.0274782 -27.4457318,153.0275469 -27.4457419)",30501111204_30503112614,William Jolly Bridge
338053,210455,30501111204,30503112614,8.186981689,172,0.01471176,5.4488,network,"LINESTRING(153.0274238 -27.4457239,153.0274782 -27.4457318)",30501111204_30503112614,William Jolly Bridge
210455,338242,30501111204,30503112614,8.186981689,173,0.007279281,2.69603,network,"LINESTRING(153.0273969 -27.4457199,153.0274238 -27.4457239)",30501111204_30503112614,William Jolly Bridge
338242,338243,30501111204,30503112614,8.186981689,174,0.051022953,18.89739,network,"LINESTRING(153.0273969 -27.4457199,153.027208 -27.4456938)",30501111204_30503112614,William Jolly Bridge
338243,338245,30501111204,30503112614,8.186981689,175,0.002512674,0.93062,network,"LINESTRING(153.027208 -27.4456938,153.0271987 -27.4456925)",30501111204_30503112614,William Jolly Bridge
338245,6917,30501111204,30503112614,8.186981689,176,0.012655251,4.68713,network,"LINESTRING(153.0271514 -27.4456954,153.0271987 -27.4456925)",30501111204_30503112614,William Jolly Bridge
6917,338254,30501111204,30503112614,8.186981689,177,0.009873495,3.65685,network,"LINESTRING(153.0271145 -27.4456977,153.0271514 -27.4456954)",30501111204_30503112614,William Jolly Bridge
338254,338274,30501111204,30503112614,8.186981689,178,0.022160466,8.20758,network,"LINESTRING(153.027039 -27.4456961,153.0271145 -27.4456977)",30501111204_30503112614,William Jolly Bridge
338274,116027,30501111204,30503112614,8.186981689,179,0.005346459,1.98017,network,"LINESTRING(153.0270192 -27.4456988,153.027039 -27.4456961)",30501111204_30503112614,William Jolly Bridge
116027,6919,30501111204,30503112614,8.186981689,180,3.37301712,11.35696,network,"LINESTRING(153.0270792 -27.4457862,153.0270192 -27.4456988)",30501111204_30503112614,William Jolly Bridge
6919,6923,30501111204,30503112614,8.186981689,181,14.80273542,49.84086,network,"LINESTRING(153.0270792 -27.4457862,153.0269956 -27.4462297)",30501111204_30503112614,William Jolly Bridge
6923,121337,30501111204,30503112614,8.186981689,182,8.35449714,28.12962,network,"LINESTRING(153.0269956 -27.4462297,153.0267124 -27.4462267)",30501111204_30503112614,William Jolly Bridge
121337,6920,30501111204,30503112614,8.186981689,183,21.67758153,72.98849,network,"LINESTRING(153.0267124 -27.4462267,153.0260737 -27.4465571)",30501111204_30503112614,William Jolly Bridge
6920,30503112614,30501111204,30503112614,8.186981689,184,0.0,1.856936067,connector,"LINESTRING(153.026054920473 -27.4465567541853,153.0260737 -27.4465571)",30501111204_30503112614,William Jolly Bridge
